Company Name,ExchangeTicker, 1/29/2000 , 2/29/2000 , 3/29/2000 , 4/29/2000 , 5/29/2000 , 6/29/2000 , 7/29/2000 , 8/29/2000 , 9/29/2000 , 10/29/2000 , 11/29/2000 , 12/29/2000 , 1/29/2001 , 2/28/2001 , 3/29/2001 , 4/29/2001 , 5/29/2001 , 6/29/2001 , 7/29/2001 , 8/29/2001 , 9/29/2001 , 10/29/2001 , 11/29/2001 , 12/29/2001 , 1/29/2002 , 2/28/2002 , 3/29/2002 , 4/29/2002 , 5/29/2002 , 6/29/2002 , 7/29/2002 , 8/29/2002 , 9/29/2002 , 10/29/2002 , 11/29/2002 , 12/29/2002 , 1/29/2003 , 2/28/2003 , 3/29/2003 , 4/29/2003 , 5/29/2003 , 6/29/2003 , 7/29/2003 , 8/29/2003 , 9/29/2003 , 10/29/2003 , 11/29/2003 , 12/29/2003 , 1/29/2004 , 2/29/2004 , 3/29/2004 , 4/29/2004 , 5/29/2004 , 6/29/2004 , 7/29/2004 , 8/29/2004 , 9/29/2004 , 10/29/2004 , 11/29/2004 , 12/29/2004 , 1/29/2005 , 2/28/2005 , 3/29/2005 , 4/29/2005 , 5/29/2005 , 6/29/2005 , 7/29/2005 , 8/29/2005 , 9/29/2005 , 10/29/2005 , 11/29/2005 , 12/29/2005 , 1/29/2006 , 2/28/2006 , 3/29/2006 , 4/29/2006 , 5/29/2006 , 6/29/2006 , 7/29/2006 , 8/29/2006 , 9/29/2006 , 10/29/2006 , 11/29/2006 , 12/29/2006 , 1/29/2007 , 2/28/2007 , 3/29/2007 , 4/29/2007 , 5/29/2007 , 6/29/2007 , 7/29/2007 , 8/29/2007 , 9/29/2007 , 10/29/2007 , 11/29/2007 , 12/29/2007 , 1/29/2008 , 2/29/2008 , 3/29/2008 , 4/29/2008 , 5/29/2008 , 6/29/2008 , 7/29/2008 , 8/29/2008 , 9/29/2008 , 10/29/2008 , 11/29/2008 , 12/29/2008 , 1/29/2009 , 2/28/2009 , 3/29/2009 , 4/29/2009 , 5/29/2009 , 6/29/2009 , 7/29/2009 , 8/29/2009 , 9/29/2009 , 10/29/2009 , 11/29/2009 , 12/29/2009 , 1/29/2010 , 2/28/2010 , 3/29/2010 , 4/29/2010 , 5/29/2010 , 6/29/2010 , 7/29/2010 , 8/29/2010 , 9/29/2010 , 10/29/2010 , 11/29/2010 , 12/29/2010 , 1/29/2011 , 2/28/2011 , 3/29/2011 , 4/29/2011 , 5/29/2011 , 6/29/2011 , 7/29/2011 , 8/29/2011 , 9/29/2011 , 10/29/2011 , 11/29/2011 , 12/29/2011 , 1/29/2012 , 2/29/2012 , 3/29/2012 , 4/29/2012 , 5/29/2012 , 6/29/2012 , 7/29/2012 , 8/29/2012 , 9/29/2012 , 10/29/2012 , 11/29/2012 , 12/29/2012 , 1/29/2013 , 2/28/2013 , 3/29/2013 , 4/29/2013 , 5/29/2013 , 6/29/2013 , 7/29/2013 , 8/29/2013 , 9/29/2013 , 10/29/2013 , 11/29/2013 , 12/29/2013 , 1/29/2014 , 2/28/2014 , 3/29/2014 , 4/29/2014 , 5/29/2014 , 6/29/2014 , 7/29/2014 , 8/29/2014 , 9/29/2014 , 10/29/2014 , 11/29/2014 , 12/29/2014 , 1/29/2015 , 2/28/2015 , 3/29/2015 , 4/29/2015 , 5/29/2015 , 6/29/2015 , 7/29/2015 , 8/29/2015 , 9/29/2015 , 10/29/2015 , 11/29/2015 , 12/29/2015 , 1/29/2016 , 2/29/2016 , 3/29/2016 , 4/29/2016 , 5/29/2016 , 6/29/2016 , 7/29/2016 , 8/29/2016 , 9/29/2016 , 10/29/2016 , 11/29/2016 , 12/29/2016 , 1/29/2017 , 2/28/2017 , 3/29/2017 , 4/29/2017 , 5/29/2017 , 6/29/2017 , 7/29/2017 , 8/29/2017 , 9/29/2017 , 10/29/2017 , 11/29/2017 , 12/29/2017 , 1/29/2018 , 2/28/2018 , 3/29/2018 , 4/29/2018 , 5/29/2018 , 6/29/2018 , 7/29/2018 , 8/29/2018 , 9/29/2018 , 10/29/2018 , 11/29/2018 , 12/29/2018 , 1/29/2019 , 2/28/2019 , 3/29/2019 , 4/29/2019 , 5/29/2019 , 6/29/2019 , 7/29/2019 , 8/29/2019 , 9/29/2019 , 10/29/2019 , 11/29/2019 , 12/29/2019 , 1/29/2020 , 2/29/2020 , 3/29/2020 , 4/29/2020 , 5/29/2020 , 6/29/2020 , 7/29/2020 , 8/29/2020 , 9/29/2020 , 10/29/2020 , 11/29/2020 , 12/29/2020 , 1/29/2021 , 2/28/2021 , 3/29/2021 , 4/29/2021 , 5/29/2021 , 6/29/2021 , 7/29/2021 , 8/29/2021 , 9/29/2021 , 10/29/2021 , 11/29/2021 , 12/29/2021 , 1/29/2022 , 2/28/2022 , 3/29/2022 , 4/29/2022 , 5/29/2022 , 6/29/2022 , 7/29/2022 , 8/29/2022 , 9/29/2022 , 10/29/2022 , 11/29/2022 , 12/29/2022 , 1/29/2023 , 2/28/2023 , 3/29/2023 , 4/29/2023 , 5/29/2023 , 6/29/2023 , 7/29/2023 , 8/29/2023 , 9/29/2023 , 10/29/2023 , 11/29/2023 , 12/29/2023 
Agnico Eagle Mines Limited (NYSE:AEM),AEM,7.16,6.99,6.51,5.77,5.94,6.22,6.06,5.73,5.84,5.6,5.36,6.11,6.22,6.01,6.57,6.83,7.89,8.38,8.41,8.86,9.91,10.1,9.62,9.6,10.6,12.1,12.2,13.5,15.3,15.9,14.3,12.8,15.3,14.6,12.3,12.7,14.5,14.0,12.8,11.1,10.7,11.4,11.7,13.0,13.8,12.9,11.7,11.5,12.3,13.1,14.0,13.7,12.7,13.4,13.7,13.2,13.4,14.3,15.6,14.7,13.2,13.2,14.6,14.1,12.6,12.1,12.5,12.9,13.9,14.3,14.1,16.9,20.6,24.0,26.0,31.2,35.5,30.6,32.6,35.7,34.1,31.5,37.5,41.5,39.2,39.6,38.1,37.3,35.7,35.8,39.7,42.2,46.0,51.9,52.7,49.4,55.8,62.9,70.0,68.5,66.6,68.0,68.6,55.2,55.4,44.8,30.8,37.0,49.3,52.5,51.8,51.2,50.5,55.7,53.4,56.9,63.4,67.9,62.3,60.3,55.5,55.5,58.3,59.0,61.2,60.1,58.6,59.5,66.1,71.4,76.5,79.4,72.3,70.8,68.9,66.4,64.5,63.3,63.0,62.2,67.2,56.2,44.9,40.7,36.9,36.3,35.1,33.6,36.7,40.1,39.8,44.0,49.0,52.4,54.6,53.5,50.4,44.9,40.3,36.7,30.8,29.5,27.9,29.3,29.1,26.5,28.2,26.5,27.7,31.9,32.8,30.4,30.8,33.0,39.2,39.1,34.7,29.7,26.1,24.7,28.4,32.4,30.1,29.8,31.7,31.3,27.3,23.5,23.9,27.2,27.1,26.8,27.6,31.9,35.5,39.1,44.4,48.7,53.8,56.2,53.6,49.8,46.7,40.3,42.8,47.2,43.2,44.6,47.0,47.9,45.6,46.5,48.3,45.7,44.8,44.0,46.3,44.5,40.2,42.7,43.6,44.6,45.1,39.6,34.5,35.5,35.8,37.8,40.0,42.1,43.5,42.8,41.0,45.8,51.7,57.5,59.4,55.4,58.4,59.9,60.3,57.1,46.0,48.1,62.6,61.7,65.2,77.8,80.8,79.8,75.4,69.5,71.3,67.3,58.8,62.9,68.9,68.8,61.7,59.9,55.2,54.2,55.0,51.0,51.2,50.6,57.6,61.8,54.3,51.3,43.1,44.4,41.4,42.8,46.6,51.7,55.6,50.4,48.5,56.3,56.1,50.3,51.3,48.1,47.9,47.3,48.8,53.5
Algonquin Power & Utilities Corp. (TSX:AQN),AQN,5.76,5.42,4.95,5.21,5.67,5.94,6.28,6.34,6.21,5.96,6.01,6.32,6.58,6.51,6.49,6.61,6.65,6.73,6.64,6.78,6.56,6.27,6.32,6.48,6.49,6.2,6.22,6.04,6.17,6.35,6.35,6.08,6.3,6.32,6.19,5.94,6.03,6.01,5.92,5.96,6.29,6.77,6.95,7.0,6.99,7.15,7.47,7.71,8.06,8.11,8.18,7.5,6.79,6.8,6.99,7.09,7.29,7.83,8.3,8.48,8.53,8.46,8.13,7.81,7.83,8.1,8.51,8.54,8.56,8.37,8.19,8.72,9.12,9.32,9.13,9.05,8.99,8.79,8.65,8.97,9.11,9.08,8.63,8.32,8.05,7.79,7.51,7.65,8.29,8.15,8.36,8.33,8.47,9.04,8.6,7.9,7.73,7.29,7.15,7.56,7.69,7.84,7.39,7.0,6.25,4.22,2.21,1.88,2.0,2.13,1.92,2.04,2.47,2.82,3.03,3.37,3.26,3.25,3.24,3.49,4.03,4.05,4.31,4.41,4.05,3.87,3.99,3.96,4.14,4.56,4.72,4.83,4.93,4.95,5.19,5.39,5.58,5.81,5.98,5.77,5.69,5.54,5.56,5.92,6.16,6.14,6.19,6.06,6.26,6.21,6.49,6.74,6.78,6.84,6.8,6.76,7.2,7.37,7.4,7.45,7.78,7.31,6.88,6.63,6.32,6.24,6.45,6.62,6.71,6.58,6.77,7.01,7.29,7.51,7.57,7.76,8.12,7.94,8.25,8.36,8.21,8.2,7.68,7.76,8.07,7.69,7.45,7.19,7.14,7.3,7.82,7.82,7.77,7.87,8.01,8.36,8.66,8.99,9.33,9.35,9.17,8.85,8.37,8.29,8.51,8.86,9.28,9.54,9.72,10.4,10.5,10.6,10.8,10.8,10.8,11.1,10.9,10.5,9.97,9.88,9.82,9.68,9.65,10.0,10.4,10.2,10.3,10.5,10.4,10.9,11.1,11.3,11.5,12.0,12.4,12.8,13.3,13.7,13.7,14.1,14.5,15.7,14.3,13.0,13.7,13.8,13.3,13.7,14.0,15.0,15.7,15.9,16.7,17.1,16.0,16.1,15.8,15.5,15.2,15.6,15.4,14.9,14.4,13.9,14.1,14.0,15.0,15.5,14.1,13.9,13.5,14.3,13.0,10.8,9.08,7.07,7.1,7.53,7.76,8.45,8.57,8.45,8.16,7.52,6.98,5.45,5.77,6.24
Alimentation Couche0.0Tard Inc. (TSX:ATD),ATD,0.374,0.403,0.374,0.4,0.391,0.364,0.331,0.358,0.343,0.33,0.329,0.377,0.4,0.391,0.404,0.385,0.433,0.517,0.562,0.608,0.648,0.695,0.667,0.69,0.731,0.855,1.08,1.24,1.35,1.58,1.46,1.23,1.24,1.05,0.986,0.948,0.816,0.802,0.779,0.851,0.87,0.931,0.96,1.05,1.33,1.59,1.56,1.57,1.62,1.63,1.66,1.52,1.44,1.44,1.67,1.76,1.85,1.97,2.15,2.33,2.54,2.6,2.74,2.74,2.75,3.31,3.38,3.58,3.41,3.1,3.38,3.39,3.52,3.92,3.86,4.02,3.95,3.77,3.53,3.51,3.54,3.79,3.99,3.74,3.7,3.63,3.51,3.53,3.62,3.55,3.45,3.25,3.45,3.45,3.24,2.97,2.82,2.89,2.61,2.41,2.49,2.22,1.93,1.97,2.21,2.02,2.04,1.73,1.94,1.77,1.75,1.76,1.93,2.0,2.31,2.76,2.96,2.96,3.15,3.37,3.24,3.13,3.02,3.1,3.03,3.02,3.25,3.5,3.73,3.86,4.1,4.31,4.53,4.49,4.34,4.57,4.6,4.85,5.4,5.18,4.94,4.99,5.01,5.06,5.09,5.08,5.43,6.27,6.96,6.92,7.68,8.29,8.04,8.17,8.01,8.18,8.2,8.66,8.9,9.41,9.86,9.63,10.1,9.63,10.2,11.0,11.7,12.4,12.3,12.9,13.4,13.9,14.2,13.8,13.8,14.2,16.3,16.3,17.8,19.3,19.7,19.5,19.7,20.5,19.5,21.3,21.9,22.4,23.0,23.5,22.8,23.1,21.3,21.5,22.7,22.4,21.7,21.5,22.3,24.1,25.0,25.0,24.2,23.4,24.2,24.7,23.7,23.5,23.4,23.9,24.4,24.3,24.6,23.9,24.9,26.0,26.5,24.9,23.7,21.7,21.3,21.5,22.9,23.6,25.1,23.8,24.9,25.2,26.4,27.8,28.1,29.9,30.6,32.0,31.6,30.9,31.4,30.3,31.3,32.5,33.5,33.3,26.7,26.7,29.5,31.6,33.5,34.4,34.2,33.7,34.0,34.8,31.7,30.9,32.3,33.3,35.5,36.6,38.5,41.0,39.4,38.7,39.7,38.7,40.1,40.9,40.0,45.1,43.8,43.0,41.0,45.2,43.4,42.3,45.9,45.1,46.1,46.5,46.6,49.9,49.4,49.4,50.5,51.0,52.8,53.4,56.9,57.0
Bank of Montreal (TSX:BMO),BMO,16.2,15.7,15.7,17.7,18.6,20.9,21.5,21.7,21.6,22.3,22.5,24.0,25.6,27.4,25.4,24.2,23.9,26.2,26.3,26.8,26.2,23.9,22.3,22.7,22.7,22.2,23.0,24.1,23.8,23.9,22.7,22.7,23.4,23.4,25.1,26.0,27.0,27.2,28.0,27.8,28.8,30.5,31.7,31.7,33.4,36.1,38.7,40.4,42.4,43.0,40.6,40.3,37.7,38.8,40.4,40.9,41.9,45.0,47.3,46.7,46.2,44.9,45.2,45.3,44.8,45.1,47.5,49.4,49.1,48.8,49.3,53.5,57.3,59.0,57.9,56.7,56.2,54.6,54.4,57.1,59.7,60.2,61.7,60.5,59.2,60.5,60.5,62.1,63.3,64.8,65.2,62.8,61.9,63.9,61.5,58.2,55.5,54.8,47.3,46.1,49.1,46.2,43.6,45.1,44.3,38.7,33.1,27.4,25.9,24.2,23.5,29.4,35.5,39.9,42.7,47.3,48.2,49.7,49.0,50.9,51.6,50.8,57.0,62.1,60.4,58.8,58.4,58.1,57.1,58.9,59.2,59.1,58.7,60.3,63.1,64.8,64.0,62.3,63.3,61.2,59.2,57.3,56.8,54.9,56.4,58.7,58.8,59.3,57.0,53.4,55.7,57.7,59.0,59.8,59.1,60.1,62.7,62.9,62.3,62.0,61.5,59.2,59.9,62.4,64.2,67.6,69.9,67.5,65.6,64.2,65.5,67.6,69.2,70.7,74.2,74.7,76.1,73.5,72.7,71.0,66.2,62.0,61.0,62.6,64.5,61.4,58.5,55.2,52.8,56.3,57.8,57.4,53.2,52.4,57.1,61.9,63.9,63.9,64.1,64.8,65.8,64.6,64.5,69.2,73.7,75.9,76.0,74.0,70.5,69.4,74.1,74.6,74.1,76.8,77.7,78.3,81.4,79.9,76.1,75.5,77.1,77.8,78.0,79.9,82.1,80.7,75.3,70.3,68.9,73.9,76.3,77.0,77.8,75.2,75.9,72.2,71.0,73.4,75.7,76.4,78.1,76.6,59.0,48.3,48.4,53.0,54.6,57.5,60.5,60.6,66.0,74.5,76.9,78.1,85.5,90.8,96.9,104.1,101.2,100.4,100.9,104.5,110.3,107.6,111.5,115.9,117.0,115.1,103.8,101.9,96.4,101.0,93.3,89.1,96.5,92.3,97.1,99.5,89.2,90.2,86.9,88.1,91.9,86.3,86.0,79.6,79.4,89.1
Barrick Gold Corporation (TSX:ABX),ABX,17.5,17.2,16.7,16.5,17.7,18.4,17.5,16.5,15.8,14.3,13.6,15.4,15.9,15.1,15.4,15.1,16.9,16.7,15.5,15.8,16.7,16.6,15.3,15.3,16.7,17.8,18.0,18.4,20.9,21.1,18.1,15.4,16.3,15.5,15.3,15.3,15.8,16.2,15.3,15.1,16.5,18.0,17.8,18.4,19.8,19.2,20.3,21.9,21.6,20.4,21.2,22.1,19.9,20.0,20.0,19.3,19.8,21.0,23.1,24.0,22.8,22.9,24.7,23.3,22.4,23.4,24.5,25.6,27.4,27.8,26.2,27.2,28.8,29.2,27.1,28.4,31.5,29.1,29.1,31.3,31.2,29.7,29.8,30.1,29.6,30.2,29.3,28.9,29.4,29.0,31.1,32.9,35.7,40.8,42.8,40.1,45.9,50.0,49.3,43.1,40.2,40.8,44.7,38.1,33.0,29.9,23.6,28.9,34.7,36.2,31.6,30.5,32.8,35.5,33.7,34.5,36.5,37.6,40.7,42.1,39.0,36.9,38.7,39.7,42.4,43.4,43.3,43.0,45.7,47.0,49.0,51.9,49.6,48.7,51.2,52.2,48.9,45.1,46.6,49.3,51.2,47.9,49.4,48.2,46.9,48.4,45.9,42.0,38.8,39.1,36.3,34.8,39.6,40.6,36.4,34.2,34.0,32.3,29.7,24.3,19.4,18.9,16.1,18.1,19.0,18.7,18.2,16.7,18.1,19.6,20.0,18.4,17.1,16.7,18.4,18.6,17.0,14.3,12.5,11.8,11.4,12.5,11.7,12.1,12.7,11.6,9.65,7.37,6.74,7.12,7.47,7.45,8.12,11.0,13.6,15.2,17.5,18.9,21.0,20.8,18.3,16.9,16.3,15.1,16.3,18.8,18.9,19.0,17.1,16.3,16.0,16.7,17.1,16.3,14.5,14.1,14.7,13.6,12.2,12.8,13.3,13.1,12.7,10.9,10.4,11.9,13.0,13.3,12.7,12.8,13.1,13.4,12.5,13.6,16.2,18.0,18.4,17.5,16.8,17.2,18.1,19.1,19.3,21.9,26.3,24.9,26.9,28.7,29.1,27.6,25.9,23.4,23.3,22.0,20.2,21.1,23.2,22.9,20.9,20.5,19.2,18.7,19.6,18.8,18.8,20.4,23.7,24.3,21.2,19.8,16.3,16.1,15.1,15.2,15.5,17.0,19.1,17.7,17.2,19.3,18.8,16.8,17.1,16.3,15.9,15.6,16.0,17.4
BCE Inc. (TSX:BCE),BCE,98.3,125.2,133.1,122.1,37.1,26.4,26.8,24.9,25.1,26.0,29.5,30.6,30.1,29.6,27.0,26.1,28.1,28.0,29.0,29.0,25.1,25.4,25.2,24.8,24.2,23.1,22.6,17.9,18.5,19.4,18.7,19.0,19.5,18.7,19.6,19.9,20.8,20.5,20.2,21.1,22.5,24.9,24.6,23.9,24.0,23.9,24.5,24.2,24.8,23.9,23.4,22.6,21.5,21.4,21.9,22.8,23.8,24.6,26.0,25.8,26.5,25.8,26.7,26.6,25.4,25.6,26.3,27.7,29.5,28.0,25.6,25.9,26.3,25.9,26.7,26.8,26.3,26.2,23.8,24.0,26.3,28.0,24.4,25.8,25.5,26.5,26.1,32.0,34.6,37.2,39.2,37.3,39.3,41.5,41.6,38.9,36.9,35.8,36.7,36.1,36.6,34.5,38.0,37.8,35.8,29.5,28.8,18.2,20.3,20.2,19.3,21.2,21.5,21.6,21.4,23.8,24.7,24.5,25.6,26.4,26.8,27.2,29.9,30.1,29.8,30.2,30.1,31.2,32.2,33.4,33.5,35.1,35.8,36.4,36.1,36.9,38.8,38.9,39.4,38.4,38.6,38.3,38.6,39.8,41.3,40.2,40.7,40.1,40.3,40.3,41.6,44.6,44.4,43.8,42.5,43.0,43.5,44.4,45.8,46.0,46.9,43.0,41.4,40.8,42.7,43.1,44.1,43.2,42.3,42.5,43.0,43.9,45.4,45.8,45.5,44.6,44.0,42.9,46.2,45.6,46.4,45.0,42.7,44.0,44.0,43.7,41.8,40.9,40.6,43.3,43.0,40.5,38.5,42.0,44.0,46.2,46.2,46.5,47.7,48.0,46.4,45.6,43.6,43.4,44.3,44.5,43.5,45.3,44.9,44.9,45.9,46.9,47.6,46.9,47.9,48.0,46.9,44.8,43.3,42.6,42.0,41.4,41.9,41.3,40.3,40.0,41.5,41.7,41.4,43.6,44.1,44.9,44.9,45.7,46.0,46.4,48.2,48.3,48.0,47.6,46.9,47.8,40.2,40.8,40.0,42.6,41.5,43.1,42.3,42.0,42.6,43.9,43.3,43.5,45.2,46.3,48.8,49.9,49.4,50.9,51.5,50.9,51.2,51.2,52.2,52.5,54.1,56.9,53.3,51.0,49.2,50.1,46.7,43.2,46.5,45.5,46.1,45.6,44.0,47.1,47.1,45.4,44.3,41.6,40.3,37.4,39.0,39.6
Brookfield Asset Management Ltd. (TSX:BAM),BAM,0.0,0.0,0.0,0.0,0.0,0.0,0.0,0.0,0.0,0.0,0.0,0.0,0.0,0.0,0.0,0.0,0.0,0.0,0.0,0.0,0.0,0.0,0.0,0.0,0.0,0.0,0.0,0.0,0.0,0.0,0.0,0.0,0.0,0.0,0.0,0.0,0.0,0.0,0.0,0.0,0.0,0.0,0.0,0.0,0.0,0.0,0.0,0.0,0.0,0.0,0.0,0.0,0.0,0.0,0.0,0.0,0.0,0.0,0.0,0.0,0.0,0.0,0.0,0.0,0.0,0.0,0.0,0.0,0.0,0.0,0.0,0.0,0.0,0.0,0.0,0.0,0.0,0.0,0.0,0.0,0.0,0.0,0.0,0.0,0.0,0.0,0.0,0.0,0.0,0.0,0.0,0.0,0.0,0.0,0.0,0.0,0.0,0.0,0.0,0.0,0.0,0.0,0.0,0.0,0.0,0.0,0.0,0.0,0.0,0.0,0.0,0.0,0.0,0.0,0.0,0.0,0.0,0.0,0.0,0.0,0.0,0.0,0.0,0.0,0.0,0.0,0.0,0.0,0.0,0.0,0.0,0.0,0.0,0.0,0.0,0.0,0.0,0.0,0.0,0.0,0.0,0.0,0.0,0.0,0.0,0.0,0.0,0.0,0.0,0.0,0.0,0.0,0.0,0.0,0.0,0.0,0.0,0.0,0.0,0.0,0.0,0.0,0.0,0.0,0.0,0.0,0.0,0.0,0.0,0.0,0.0,0.0,0.0,0.0,0.0,0.0,0.0,0.0,0.0,0.0,0.0,0.0,0.0,0.0,0.0,0.0,0.0,0.0,0.0,0.0,0.0,0.0,0.0,0.0,0.0,0.0,0.0,0.0,0.0,0.0,0.0,0.0,0.0,0.0,0.0,0.0,0.0,0.0,0.0,0.0,0.0,0.0,0.0,0.0,0.0,0.0,0.0,0.0,0.0,0.0,0.0,0.0,0.0,0.0,0.0,0.0,0.0,0.0,0.0,0.0,0.0,0.0,0.0,0.0,0.0,0.0,0.0,0.0,0.0,0.0,0.0,0.0,0.0,0.0,0.0,0.0,0.0,0.0,0.0,0.0,0.0,0.0,0.0,0.0,0.0,0.0,0.0,0.0,0.0,0.0,0.0,0.0,0.0,0.0,0.0,0.0,0.0,0.0,0.0,0.0,0.0,0.0,0.0,0.0,0.0,30.4,31.1,34.1,32.1,32.5,31.8,32.2,32.9,33.6,34.7,31.4,32.4,37.0
Brookfield Corporation (TSX:BN),BN,1.69,1.58,1.51,1.54,1.56,1.56,1.59,1.67,1.72,1.65,1.7,1.85,1.9,2.01,2.15,2.15,2.16,2.24,2.25,2.37,2.28,2.15,2.13,2.25,2.34,2.42,2.66,2.84,2.91,3.02,2.87,2.73,2.7,2.62,2.59,2.56,2.71,2.62,2.55,2.7,2.97,3.18,3.19,3.25,3.38,3.52,3.73,3.9,4.13,4.42,4.83,4.85,4.7,5.13,5.45,5.49,5.73,6.32,7.06,7.03,6.7,6.98,7.3,7.13,7.22,7.43,7.38,7.46,8.13,8.69,8.95,9.48,9.83,10.5,10.6,11.4,12.1,11.9,11.9,12.5,13.0,12.9,13.4,14.0,14.1,15.1,15.7,16.2,18.0,17.8,17.4,15.2,15.5,17.0,16.1,15.6,14.5,13.7,12.8,12.4,14.8,15.5,14.3,14.0,12.9,9.88,7.34,6.29,6.97,6.7,5.94,6.46,7.25,7.78,7.69,8.79,9.59,10.0,9.52,9.47,9.6,9.57,10.7,11.2,10.9,10.6,10.5,11.3,12.0,13.1,13.3,13.9,14.5,14.4,14.0,14.2,14.6,14.2,14.4,12.8,12.4,12.1,12.2,12.0,12.9,13.8,14.0,14.0,14.2,14.0,14.7,15.4,15.5,15.0,15.1,15.8,16.5,16.6,16.5,16.2,16.6,15.8,16.1,16.1,15.8,16.9,17.5,17.0,16.7,17.0,17.7,18.1,18.9,19.2,19.4,20.4,20.9,20.2,21.5,21.8,22.4,23.3,23.9,24.5,24.1,23.5,23.4,22.6,20.7,21.8,22.7,21.9,19.7,19.4,21.3,22.4,22.6,22.8,22.6,22.9,22.5,23.3,22.7,22.1,22.3,23.6,24.1,24.2,24.8,25.3,25.9,25.8,26.3,27.6,27.6,28.2,28.4,26.8,26.2,25.8,26.3,27.0,27.3,28.2,28.6,28.3,28.0,27.7,26.6,28.6,30.2,31.2,31.5,31.3,32.1,33.1,34.8,35.1,37.3,38.2,39.5,42.2,36.3,30.5,31.9,33.1,33.4,33.5,33.2,33.1,35.7,40.7,39.2,40.5,43.2,45.0,46.4,49.9,51.0,54.4,55.5,57.0,60.0,58.3,57.2,55.0,54.6,55.0,48.0,46.8,46.1,51.3,46.9,39.9,43.5,37.1,35.1,35.9,30.8,32.3,31.0,32.0,34.2,33.3,33.9,31.1,33.2,37.2
Brookfield Infrastructure Partners L.P. (NYSE:BIP),BIP,0.0,0.0,0.0,0.0,0.0,0.0,0.0,0.0,0.0,0.0,0.0,0.0,0.0,0.0,0.0,0.0,0.0,0.0,0.0,0.0,0.0,0.0,0.0,0.0,0.0,0.0,0.0,0.0,0.0,0.0,0.0,0.0,0.0,0.0,0.0,0.0,0.0,0.0,0.0,0.0,0.0,0.0,0.0,0.0,0.0,0.0,0.0,0.0,0.0,0.0,0.0,0.0,0.0,0.0,0.0,0.0,0.0,0.0,0.0,0.0,0.0,0.0,0.0,0.0,0.0,0.0,0.0,0.0,0.0,0.0,0.0,0.0,0.0,0.0,0.0,0.0,0.0,0.0,0.0,0.0,0.0,0.0,0.0,0.0,0.0,0.0,0.0,0.0,0.0,0.0,0.0,0.0,0.0,0.0,0.0,0.0,8.06,7.74,6.96,7.26,8.03,7.69,7.62,7.17,6.71,5.47,5.1,4.39,5.32,5.29,4.75,5.28,5.29,4.85,4.95,5.67,6.55,6.91,6.15,6.31,6.66,6.64,7.0,7.16,6.6,6.49,6.81,6.87,7.34,8.19,8.8,8.39,8.62,9.07,8.98,9.21,9.7,9.83,10.3,10.3,10.5,9.9,10.2,10.5,11.5,11.7,12.2,12.3,12.4,13.1,13.4,14.2,14.0,13.8,13.5,13.7,14.6,15.6,15.4,15.2,15.4,14.3,14.7,14.5,14.7,15.2,15.9,15.0,15.2,14.8,15.2,15.7,16.2,16.5,16.4,16.3,16.2,15.3,16.4,16.5,17.0,17.9,17.7,18.0,17.8,17.6,17.4,16.3,15.2,16.1,16.7,15.4,13.7,14.3,15.7,16.6,17.1,17.5,18.6,19.6,19.8,20.4,19.6,19.6,20.9,21.6,22.0,23.3,23.9,24.3,24.3,25.7,25.8,25.9,26.0,26.5,26.0,24.7,24.5,24.8,23.4,23.0,24.0,24.4,23.5,23.6,23.7,21.7,22.4,23.9,24.5,24.9,25.0,25.4,26.3,27.0,28.6,29.3,30.9,30.5,31.3,32.7,24.8,25.4,26.5,28.0,27.9,29.3,30.9,31.0,33.2,33.8,34.4,35.0,35.0,36.3,35.7,36.4,36.7,37.1,37.6,38.2,39.0,38.5,39.8,39.9,40.9,43.9,40.3,39.2,38.4,41.5,40.5,34.9,36.9,33.2,34.2,34.4,32.6,34.8,35.9,36.1,35.8,32.5,31.3,25.6,26.3,29.0
CAE Inc. (TSX:CAE),CAE,3.56,4.17,4.82,4.67,4.51,4.95,5.29,5.97,6.51,6.38,6.84,7.53,7.56,7.4,7.75,7.88,8.27,9.14,9.55,9.02,7.38,5.43,5.82,6.91,7.14,6.6,6.62,7.34,8.24,8.69,7.48,5.31,3.74,2.82,3.41,3.4,3.56,3.27,2.74,2.3,2.72,3.63,4.3,4.24,4.5,4.24,4.18,4.19,4.46,4.68,4.6,4.41,4.11,4.12,4.46,4.44,4.33,4.32,3.99,3.85,4.07,4.22,4.43,4.65,4.67,4.91,5.36,6.03,6.83,6.73,6.78,7.16,7.67,8.14,8.15,8.08,8.34,7.88,7.59,7.99,8.42,8.64,8.97,9.15,9.55,10.2,10.7,11.5,11.9,13.1,13.7,12.9,12.8,13.3,12.6,12.3,12.2,11.7,11.9,11.7,12.4,12.7,11.2,10.5,10.1,6.97,5.4,5.45,6.33,5.78,5.5,6.21,6.44,6.23,6.06,7.1,8.1,8.44,8.27,8.17,8.37,8.41,9.02,9.76,9.29,9.07,9.27,9.57,9.95,10.7,11.0,11.2,11.9,12.8,12.9,13.0,13.1,12.8,13.1,11.7,10.2,9.89,9.95,9.49,10.1,10.8,10.5,10.4,10.4,9.62,9.78,10.1,10.5,10.7,10.1,9.94,10.5,10.6,9.99,10.0,10.6,10.3,10.8,11.0,10.9,10.9,11.4,11.8,12.7,13.0,13.5,13.4,13.4,13.4,13.1,12.6,12.3,12.5,13.0,13.0,12.7,12.4,11.9,12.0,12.4,12.2,11.7,11.2,10.6,10.9,11.3,11.2,10.7,10.4,11.1,11.5,11.9,12.5,12.6,13.5,14.2,14.2,14.3,14.4,14.1,14.6,15.1,15.1,15.6,16.5,17.2,16.8,16.5,17.2,17.7,17.8,18.5,18.3,18.3,18.8,19.3,20.7,20.7,20.4,20.2,19.3,18.8,19.5,19.5,20.9,21.5,22.6,23.9,26.0,27.0,26.4,25.5,25.0,26.0,26.4,28.1,29.8,21.9,13.3,15.0,16.6,15.6,15.3,15.0,15.8,20.6,25.1,25.8,24.9,27.7,29.4,30.4,31.0,30.3,29.3,29.1,29.9,29.7,25.2,25.1,25.3,25.5,26.0,23.3,24.8,25.1,22.2,17.3,17.1,20.3,20.2,21.0,22.7,21.7,23.3,21.9,21.3,22.0,23.3,24.0,22.1,21.0,20.8
Cameco Corporation (TSX:CCO),CCO,2.44,2.25,2.02,1.94,2.16,2.22,2.05,2.07,2.27,2.38,2.5,2.78,2.85,3.06,3.17,3.52,4.11,4.02,3.55,3.63,3.87,3.82,3.9,4.01,4.11,4.42,4.8,4.82,4.64,4.51,4.04,3.31,3.16,3.13,3.58,3.67,4.09,4.02,4.16,4.22,4.38,5.19,5.34,5.39,5.73,6.39,7.29,8.34,8.9,7.84,7.88,7.98,7.72,8.81,9.71,10.1,11.6,13.3,14.6,15.8,16.8,19.6,22.1,20.8,19.8,20.9,23.0,23.6,25.2,25.7,25.4,29.4,34.2,36.4,35.8,37.9,41.2,39.0,39.0,39.0,39.1,36.7,34.6,37.9,39.0,37.8,38.0,43.6,49.0,52.0,49.2,40.1,41.5,45.1,45.0,39.3,37.5,35.1,36.9,35.4,38.6,39.6,39.2,32.7,26.3,18.3,15.4,15.9,17.6,15.8,15.4,18.2,23.7,26.4,25.4,27.7,28.2,29.0,29.4,30.5,30.8,28.2,27.8,26.6,24.8,23.4,23.4,25.2,25.9,28.8,33.6,37.5,39.4,41.0,36.6,29.7,28.4,26.3,25.9,24.1,21.2,20.0,19.7,18.0,19.8,23.7,23.7,21.6,21.1,20.0,21.8,21.7,21.8,19.8,18.0,18.6,20.6,21.5,21.3,19.6,20.2,21.3,21.1,20.1,19.4,18.4,19.2,20.4,21.2,21.8,23.4,23.3,20.8,19.5,20.0,20.2,19.2,17.3,18.1,17.4,15.3,15.1,15.0,15.5,16.5,15.2,14.0,13.6,13.3,13.5,13.1,12.1,11.7,11.7,12.4,12.7,12.1,11.5,10.7,9.8,9.08,8.26,8.55,9.9,11.5,11.7,11.1,11.0,10.1,9.37,9.61,9.96,9.97,9.4,9.03,9.85,9.68,9.22,9.13,9.74,10.9,11.2,11.1,10.7,10.1,11.0,11.6,11.7,11.7,12.1,11.9,11.8,10.7,10.3,10.4,8.96,9.08,9.34,9.38,9.18,8.79,8.74,7.68,8.41,10.2,10.2,10.8,11.0,10.8,9.84,9.7,11.6,13.3,14.5,16.8,16.9,18.4,20.2,18.3,17.0,20.4,23.5,26.1,23.3,21.8,20.9,25.2,28.8,23.4,23.4,22.7,25.3,28.3,24.6,23.8,22.3,25.4,28.1,25.8,25.9,27.5,30.7,31.9,34.9,39.0,37.6,43.4,44.8
Canadian Apartment Properties Real Estate Investment Trust (TSX:CAR.UN),CAR.UN,7.1,6.93,7.03,7.29,7.37,7.56,7.72,7.8,7.84,7.81,7.67,7.79,8.09,8.38,8.35,8.26,8.29,8.59,8.72,8.85,8.84,8.88,8.88,9.02,8.87,8.66,8.77,8.6,8.76,9.03,9.17,8.87,8.88,8.52,8.5,8.38,8.54,8.94,9.26,9.47,10.0,10.7,11.0,10.7,10.8,11.4,12.0,11.8,11.7,11.6,11.6,10.9,9.38,9.12,9.62,9.98,10.5,10.9,11.5,11.7,12.0,12.2,12.1,11.6,11.6,11.9,12.1,12.0,12.1,11.9,12.5,13.5,13.8,14.1,14.4,14.4,14.8,14.5,14.7,15.1,15.9,16.6,16.7,16.3,16.1,16.7,17.9,18.3,18.9,18.4,18.3,17.2,17.7,19.2,18.1,16.6,15.0,15.1,15.5,16.0,16.9,17.3,17.1,16.1,15.7,13.2,11.1,10.8,11.9,10.9,10.1,10.1,10.7,11.7,11.9,12.2,12.5,13.5,12.9,12.7,13.6,13.6,13.8,14.3,14.2,14.6,14.8,15.3,16.0,16.9,17.1,17.0,17.4,18.1,19.1,19.6,20.0,19.7,20.4,20.4,20.9,20.3,20.0,20.9,22.0,22.8,22.6,22.8,23.3,23.0,23.8,25.2,25.2,24.5,24.0,24.3,25.2,25.4,24.8,24.5,24.9,22.9,21.3,20.4,19.8,20.2,20.2,19.5,19.5,19.3,19.1,19.2,19.9,21.0,21.4,21.6,21.7,21.5,22.3,21.9,22.2,22.5,22.4,23.5,23.3,22.4,22.1,21.5,21.3,21.3,20.2,19.5,19.6,20.8,21.7,22.8,23.6,24.1,25.1,24.4,23.1,22.4,22.3,22.8,23.5,24.3,24.2,25.1,24.9,25.3,25.6,26.4,27.3,27.3,28.2,29.0,29.3,28.8,27.9,28.8,30.2,31.9,32.8,34.3,36.4,36.3,35.5,34.4,33.5,35.8,37.6,37.3,36.3,36.9,37.4,38.4,40.4,41.6,41.4,41.1,41.4,43.4,39.0,31.2,33.8,35.6,35.9,35.9,34.5,34.0,36.0,39.3,39.6,40.0,41.7,43.9,45.7,46.8,48.2,48.6,48.1,48.0,47.9,45.4,44.9,43.6,42.7,41.9,37.2,35.9,34.9,36.5,32.6,30.2,31.8,31.5,34.7,36.8,34.5,35.4,36.2,37.1,39.1,36.5,35.5,32.1,32.6,36.1
Canadian Imperial Bank of Commerce (TSX:CM),CM,11.7,12.9,13.1,13.7,13.3,14.4,14.0,14.8,16.0,15.2,15.2,15.0,15.8,16.7,15.9,16.2,16.2,17.2,17.0,17.1,16.8,16.1,16.6,17.5,17.4,16.2,17.2,17.7,16.7,15.8,14.6,13.8,13.3,12.3,13.3,14.0,14.5,14.2,15.9,16.5,17.4,19.5,19.8,19.6,20.7,22.3,23.2,23.8,25.7,25.0,25.9,25.8,24.1,24.2,24.3,24.9,26.0,28.4,30.2,29.2,28.6,28.2,29.4,29.8,29.7,30.2,31.6,29.6,30.7,30.4,31.5,32.8,34.3,34.4,36.3,36.6,36.9,34.5,34.2,36.0,36.9,37.8,39.9,41.6,42.4,43.5,43.3,44.0,47.0,46.1,45.7,43.2,47.1,51.3,47.7,38.6,34.0,34.2,31.6,33.8,36.7,31.3,27.9,28.9,29.4,23.7,20.7,19.6,20.0,18.0,17.2,20.7,24.6,24.5,27.1,30.7,29.6,30.6,31.2,32.6,31.6,31.1,36.4,37.2,35.3,34.9,32.7,33.5,35.7,37.8,38.4,38.9,38.7,40.4,42.4,43.2,42.6,39.5,39.0,36.3,37.3,36.3,35.0,35.3,37.2,38.5,38.6,37.7,35.8,34.6,35.5,37.7,39.4,39.3,39.5,41.0,41.5,41.3,40.0,38.5,39.2,37.2,36.6,37.9,39.8,40.5,43.0,42.3,40.7,40.1,42.7,43.5,44.8,44.7,46.0,46.8,47.9,44.4,46.1,43.9,38.9,37.1,36.9,38.4,39.1,38.2,35.6,34.9,35.6,38.0,37.5,34.8,31.0,32.2,36.1,38.5,38.9,39.5,37.7,38.7,39.0,38.0,38.1,41.5,42.2,44.0,44.1,42.2,39.4,39.8,42.2,42.5,43.6,44.6,44.7,47.2,49.3,46.6,45.0,43.7,44.5,43.8,44.2,46.2,47.2,44.9,43.3,39.5,40.1,42.6,41.6,41.1,40.7,39.0,39.4,37.9,40.6,41.7,43.3,41.9,41.4,40.8,30.2,28.9,29.8,34.7,34.2,36.8,38.8,38.1,40.8,43.3,43.8,44.9,49.3,49.9,54.7,59.2,56.9,58.6,57.3,59.0,59.3,56.1,63.1,63.8,62.9,57.9,54.0,51.9,48.4,51.2,46.9,43.5,47.1,42.0,43.0,46.0,42.9,42.5,41.5,42.7,43.1,41.0,39.9,36.8,38.2,43.7
Canadian National Railway Company (TSX:CNR),CNR,4.39,4.06,4.16,4.62,4.73,4.64,4.97,5.1,4.92,4.82,5.08,5.03,5.15,5.98,6.11,6.25,6.58,6.72,6.91,7.4,6.83,6.32,7.03,7.56,7.76,8.03,8.34,8.14,8.25,8.39,8.24,7.73,6.99,6.65,7.07,7.08,6.89,6.88,7.01,7.41,8.05,8.35,8.21,8.65,8.81,9.1,9.88,9.96,10.4,10.1,9.77,9.93,9.6,10.1,10.7,11.2,11.6,12.4,13.7,14.6,14.5,14.9,15.6,15.1,14.7,14.9,15.1,16.5,16.8,17.6,18.7,19.8,20.2,22.4,23.3,23.2,22.9,21.6,21.2,20.6,20.9,21.6,23.6,22.9,21.9,22.8,22.4,23.5,25.9,26.4,26.6,26.4,26.8,27.4,25.5,24.1,23.1,25.3,25.5,25.1,27.1,26.3,24.6,26.0,25.5,22.1,19.6,17.4,17.8,17.1,16.7,19.2,20.5,21.3,21.3,24.0,24.7,25.1,26.0,27.0,26.9,25.9,28.0,30.6,29.7,29.4,30.0,30.9,31.4,32.6,32.4,32.8,33.7,34.8,36.5,37.0,37.8,38.1,38.8,36.4,34.8,35.3,38.4,38.0,38.3,38.6,38.9,40.0,41.2,41.0,42.5,44.7,45.8,44.6,43.5,44.8,46.5,48.5,49.7,48.5,49.6,49.7,49.3,49.2,48.8,52.2,55.5,56.0,54.7,54.5,56.1,56.2,58.6,61.5,65.7,68.3,71.9,69.0,70.4,69.0,67.3,68.8,68.5,66.7,63.6,59.7,59.5,60.1,55.8,58.9,59.8,57.1,52.8,53.9,59.3,62.6,60.9,58.9,60.7,63.5,64.1,65.1,64.5,67.2,69.0,70.3,71.9,73.3,74.4,78.8,81.5,80.1,81.1,81.7,80.3,80.1,81.5,78.1,74.6,74.2,79.3,82.5,83.5,88.3,88.0,86.7,84.6,80.4,78.2,83.5,86.8,90.6,92.8,91.4,93.1,92.6,91.4,88.1,91.6,90.7,92.5,93.3,81.3,77.0,81.3,87.1,91.2,100.9,105.3,106.7,106.6,109.1,109.8,107.5,113.1,114.8,109.9,108.5,105.3,106.7,115.2,121.9,130.9,127.1,122.5,122.9,127.1,128.2,113.4,112.1,115.0,126.3,116.3,112.5,122.1,123.9,121.7,117.6,115.8,120.2,118.5,117.1,118.3,115.1,111.3,106.7,112.2,119.4
Canadian Natural Resources Limited (TSX:CNQ),CNQ,1.53,1.45,1.45,1.58,1.79,1.94,1.85,1.9,2.1,2.06,1.8,1.73,1.72,1.84,1.87,1.84,1.93,2.0,1.83,1.84,1.76,1.65,1.59,1.52,1.52,1.68,1.9,2.0,2.05,2.03,2.04,2.03,2.03,1.85,1.65,1.72,1.89,1.98,2.09,2.07,2.21,2.47,2.44,2.46,2.48,2.63,2.68,2.85,3.22,3.21,3.37,3.56,3.53,3.47,3.86,4.01,4.3,5.02,5.16,5.11,5.27,6.12,7.07,6.8,6.68,8.03,9.68,11.0,11.6,10.6,11.1,12.2,13.3,14.4,14.1,14.7,14.5,12.7,12.8,13.2,12.2,11.6,12.8,13.1,12.3,12.5,12.9,14.2,15.6,16.6,17.2,16.9,17.7,19.0,19.1,17.3,17.2,16.4,17.8,19.0,23.1,25.3,22.9,19.9,19.6,14.1,10.5,9.09,9.68,8.65,8.8,10.9,12.7,13.8,13.1,14.7,15.7,17.4,17.0,16.8,17.4,16.8,17.7,18.9,18.1,17.5,17.5,17.0,16.5,17.7,19.0,20.6,21.4,22.4,24.2,23.8,21.9,20.4,20.7,19.0,17.0,15.8,17.6,17.9,18.8,19.3,17.9,16.5,15.8,14.0,13.4,14.8,15.9,15.7,14.5,14.1,14.8,15.2,15.6,15.4,14.8,14.7,15.2,15.5,15.5,15.8,16.0,16.3,16.4,17.1,18.4,19.6,20.3,21.2,22.6,21.5,20.7,18.3,17.6,16.5,14.6,15.0,14.9,16.0,16.1,14.9,13.1,11.6,10.3,11.0,12.1,11.4,9.79,9.88,12.1,14.1,14.6,14.8,15.4,15.7,15.5,15.8,15.9,16.5,15.9,15.0,15.5,16.4,15.7,14.5,14.6,15.4,16.2,16.7,17.3,17.2,17.9,16.6,15.4,16.6,17.9,17.0,17.5,17.6,16.7,15.4,13.7,12.8,12.8,13.5,13.9,14.5,14.3,13.5,13.4,12.1,12.5,13.0,13.5,14.6,15.7,14.6,9.52,6.12,8.07,9.26,8.78,9.63,9.27,8.41,9.61,11.8,12.4,12.8,14.9,15.2,16.1,17.9,17.3,16.2,16.8,19.5,21.2,20.5,23.1,26.2,29.0,31.7,31.2,30.0,25.2,27.4,26.0,27.5,30.2,27.8,28.7,29.1,27.3,29.8,28.3,27.5,28.8,30.5,32.2,32.2,32.6,32.3
Canadian Pacific Kansas City Limited (TSX:CP),CP,0.0,0.0,0.0,0.0,0.0,0.0,0.0,0.0,0.0,0.0,0.0,0.0,0.0,0.0,0.0,0.0,0.0,0.0,0.0,4.09,3.47,3.21,3.62,3.96,3.96,3.87,4.17,4.24,4.42,4.56,4.62,4.27,3.92,3.78,4.04,4.1,4.03,4.03,4.08,4.33,4.6,4.64,4.59,4.77,4.86,5.06,5.57,5.44,5.54,5.16,4.78,4.73,4.49,4.59,4.89,5.02,5.07,5.3,5.87,6.37,6.58,6.75,7.1,7.12,7.14,7.18,7.09,7.59,7.87,8.32,8.22,8.46,8.43,9.58,10.1,10.4,10.8,10.0,9.73,9.59,9.66,10.2,11.2,11.0,10.7,10.9,10.9,11.7,13.2,14.1,14.7,14.6,13.7,14.0,13.2,12.9,12.6,13.7,13.8,13.3,14.3,13.8,12.9,12.3,11.5,9.18,7.51,6.39,6.57,6.02,5.8,6.44,7.31,7.98,7.61,8.97,9.62,9.37,9.48,10.3,10.6,9.85,10.5,11.4,11.4,11.2,11.4,11.7,12.1,12.7,13.0,12.9,13.2,13.5,13.1,12.8,12.7,12.2,12.3,11.9,10.6,10.5,11.9,12.2,13.5,14.7,15.2,15.3,15.1,14.5,14.8,16.4,16.8,17.5,18.4,19.4,21.4,23.0,24.8,24.7,25.7,25.4,24.7,24.7,24.5,26.0,29.2,30.3,29.8,30.3,30.9,30.1,31.7,34.9,37.2,39.0,40.6,40.5,40.9,38.8,36.7,36.9,37.6,37.6,37.0,33.7,32.0,30.7,28.6,29.6,28.8,27.1,23.5,23.8,25.4,27.8,27.9,25.8,27.2,29.7,30.1,29.8,29.1,29.7,29.4,30.0,29.6,29.9,31.0,31.4,32.1,31.2,31.9,33.8,34.7,35.3,36.7,36.5,35.7,35.4,36.4,37.7,37.5,40.0,41.4,41.5,40.8,38.8,37.5,40.6,41.0,42.1,44.4,46.0,47.6,47.3,46.8,44.1,46.7,48.9,51.7,52.9,46.1,43.2,46.2,50.4,52.2,57.2,59.8,61.6,64.3,66.9,69.9,70.7,73.1,74.1,77.0,79.4,74.6,72.3,69.2,70.0,75.8,72.5,74.0,72.7,76.3,77.9,70.2,71.1,72.9,80.3,73.6,70.2,77.5,77.9,77.7,78.0,76.1,78.2,80.1,78.2,80.7,79.8,77.5,71.7,71.7,74.9
"Canadian Tire Corporation, Limited (TSX:CTC.A)",CTC.A,22.1,16.3,14.1,14.1,13.9,15.5,15.1,14.0,13.5,12.0,11.3,11.8,13.3,13.9,14.3,15.0,14.9,15.5,16.4,17.2,16.1,14.4,15.4,16.6,16.1,15.4,17.0,19.1,20.0,20.6,20.4,19.1,19.5,18.8,19.9,20.5,20.4,19.4,20.0,20.6,23.2,25.7,24.6,24.6,25.7,27.9,30.0,29.4,31.0,32.2,33.5,33.5,32.7,34.2,35.9,35.7,37.3,40.1,43.6,45.3,44.5,44.2,46.5,47.5,47.9,46.9,46.9,48.7,51.5,51.4,53.6,58.1,59.0,57.3,55.5,54.5,57.8,60.1,58.0,59.0,62.6,62.4,64.4,63.7,60.6,60.6,62.1,66.7,71.4,75.3,79.6,76.3,75.0,81.8,80.2,71.7,65.6,62.8,63.6,64.7,62.9,57.5,52.8,50.3,48.5,42.3,35.6,33.1,34.9,32.7,32.9,38.1,42.0,45.9,47.2,51.4,52.9,53.8,53.4,52.0,54.0,51.5,52.1,55.2,54.4,54.0,53.5,53.9,54.3,56.1,59.5,64.5,66.1,64.6,64.0,64.5,63.8,63.9,63.5,58.0,55.8,56.6,59.9,62.6,63.2,64.0,64.7,67.1,68.3,65.8,66.5,68.5,72.3,72.4,69.4,68.4,69.6,68.7,68.0,70.6,77.0,79.4,78.7,83.9,87.8,90.7,94.0,93.2,91.0,87.6,90.1,95.2,97.9,95.7,95.3,98.8,103.6,105.8,110.4,109.7,101.6,96.7,101.0,105.8,106.8,107.3,104.8,97.8,92.1,89.7,89.6,90.7,78.9,83.5,98.0,104.3,108.3,108.6,107.4,107.0,102.8,99.5,100.9,105.5,106.5,110.7,115.2,119.6,118.8,112.3,112.7,116.9,120.8,124.2,125.3,127.5,133.8,136.1,133.9,132.2,132.1,129.6,131.7,130.7,122.8,116.6,115.0,109.6,107.9,111.4,108.9,109.3,108.3,104.0,109.1,105.0,105.1,109.7,113.5,112.7,109.1,109.0,85.0,63.4,71.6,86.0,88.3,95.5,101.2,106.8,120.0,127.8,134.0,135.5,137.2,149.8,164.8,166.2,155.1,154.0,151.5,146.4,143.3,138.3,142.3,144.7,145.3,148.2,132.5,131.0,128.8,129.5,117.0,109.7,111.3,108.1,115.5,123.1,123.0,133.7,126.6,128.3,139.4,121.5,112.3,102.4,103.2,104.9
CCL Industries Inc. (TSX:CCL.B),CCL.B,1.77,1.49,1.39,1.36,1.3,1.27,1.25,1.12,1.19,1.16,1.09,1.04,1.02,1.01,1.11,1.14,1.16,1.29,1.43,1.52,1.55,1.48,1.46,1.67,1.81,1.86,2.03,2.23,2.3,2.5,2.54,2.45,2.45,2.44,2.5,2.42,2.36,2.21,2.26,2.4,2.63,2.65,2.66,2.84,2.9,2.82,2.8,2.79,2.83,2.73,2.88,2.79,2.67,2.88,2.99,2.83,2.68,2.81,2.87,2.96,3.02,3.2,3.82,4.08,3.92,4.14,4.51,4.75,4.91,5.18,4.97,4.85,5.04,5.34,5.61,5.46,5.56,5.59,5.75,5.68,5.11,4.95,5.0,4.92,5.0,5.53,6.1,6.62,7.53,7.92,7.98,8.25,8.32,9.13,8.41,7.7,7.58,7.21,6.35,6.16,6.52,6.53,5.66,6.13,6.26,5.13,4.46,4.03,3.92,3.66,3.5,3.67,3.96,3.95,4.02,4.03,3.97,4.14,4.73,5.3,5.22,4.93,5.31,5.85,5.57,5.4,5.44,5.74,5.8,5.81,5.74,5.72,6.2,6.66,6.44,6.6,6.7,6.71,6.82,6.28,5.84,5.65,5.84,5.9,6.26,6.62,7.15,7.42,7.57,7.14,7.22,7.31,7.54,7.51,7.44,7.93,8.94,10.5,11.5,12.0,12.6,12.6,12.8,13.9,13.8,13.5,14.5,15.3,14.7,14.9,16.5,17.6,18.9,19.3,19.6,20.7,20.8,20.0,20.8,21.3,20.7,20.9,21.9,23.3,24.0,24.0,25.2,26.9,27.4,28.2,30.5,32.3,31.0,28.5,32.9,36.4,35.8,35.3,34.7,36.3,37.7,37.1,35.0,35.3,38.8,41.1,43.2,43.9,45.2,48.4,48.9,46.9,46.8,49.4,47.8,46.3,46.4,46.9,49.7,49.9,49.2,49.5,49.4,49.5,47.8,43.9,40.7,39.1,38.9,42.3,41.0,41.0,43.0,47.2,49.9,47.6,43.2,40.8,42.2,43.1,43.3,41.8,31.8,28.8,31.0,33.1,32.8,35.8,37.2,38.9,42.3,45.9,47.1,49.5,53.9,55.9,57.0,56.3,55.1,56.2,55.9,53.5,53.7,51.2,52.3,50.7,46.4,45.3,45.3,46.6,48.3,49.6,49.7,47.8,46.4,44.2,44.8,46.7,47.2,49.0,49.2,47.2,49.1,45.6,42.8,40.7,41.1,43.5
Cenovus Energy Inc. (TSX:CVE),CVE,0.0,0.0,0.0,0.0,0.0,0.0,0.0,0.0,0.0,0.0,0.0,0.0,0.0,0.0,0.0,0.0,0.0,0.0,0.0,0.0,0.0,0.0,0.0,0.0,0.0,0.0,0.0,0.0,0.0,0.0,0.0,0.0,0.0,0.0,0.0,0.0,0.0,0.0,0.0,0.0,0.0,0.0,0.0,0.0,0.0,0.0,0.0,0.0,0.0,0.0,0.0,0.0,0.0,0.0,0.0,0.0,0.0,0.0,0.0,0.0,0.0,0.0,0.0,0.0,0.0,0.0,0.0,0.0,0.0,0.0,0.0,0.0,0.0,0.0,0.0,0.0,0.0,0.0,0.0,0.0,0.0,0.0,0.0,0.0,0.0,0.0,0.0,0.0,0.0,0.0,0.0,0.0,0.0,0.0,0.0,0.0,0.0,0.0,0.0,0.0,0.0,0.0,0.0,0.0,0.0,0.0,0.0,0.0,0.0,0.0,0.0,0.0,0.0,0.0,0.0,0.0,0.0,0.0,26.7,25.1,24.8,24.4,25.3,27.6,27.5,27.3,28.0,27.3,27.1,28.6,28.9,30.6,32.4,34.7,37.6,38.3,36.1,34.9,37.2,36.3,33.2,33.1,33.1,31.6,33.5,37.6,37.6,35.2,33.2,31.2,31.9,32.3,34.2,34.9,33.8,33.3,33.6,32.8,31.6,30.0,29.5,29.4,29.7,29.3,29.4,29.7,29.3,28.8,27.4,26.2,26.5,28.6,29.2,30.3,31.5,30.8,30.1,25.8,24.4,21.6,19.7,19.1,17.4,17.9,17.8,16.7,15.1,13.7,13.9,15.6,15.2,13.9,12.2,11.3,12.2,13.7,14.8,14.7,14.0,14.6,14.3,14.7,14.7,15.3,15.0,13.7,12.8,11.3,9.83,8.3,7.41,7.8,8.68,9.79,10.1,9.33,9.88,8.75,7.95,9.22,10.4,10.1,10.2,9.8,9.28,9.2,8.23,7.45,7.55,8.16,8.77,9.45,9.21,8.47,9.11,8.75,9.15,9.02,8.96,9.3,9.66,8.81,5.05,2.42,3.63,4.63,4.63,4.89,4.43,3.82,4.16,5.49,6.11,6.49,7.71,7.7,7.82,9.19,8.96,8.05,8.62,10.7,12.3,12.2,13.4,15.1,15.7,17.0,20.4,21.6,17.6,18.2,17.6,18.0,20.6,18.6,19.0,19.0,17.3,17.7,16.2,16.8,17.5,19.2,20.4,20.2,18.1,16.8
CGI Inc. (TSX:GIB.A),GIB.A,19.0,17.7,16.3,13.0,10.1,10.3,7.58,6.84,7.92,7.22,5.4,4.23,4.91,5.62,4.11,4.03,5.46,5.7,5.74,5.61,5.46,5.97,6.75,7.1,7.25,6.73,6.73,5.79,5.4,5.23,4.5,3.98,3.91,3.94,4.54,4.65,4.56,4.68,4.6,4.65,4.94,5.73,5.9,5.53,5.65,5.83,5.67,5.79,6.35,6.69,6.43,6.38,5.98,6.22,6.62,6.53,6.48,6.45,6.53,6.5,6.33,6.36,6.5,6.09,5.63,5.84,6.05,6.29,6.98,7.15,7.21,7.39,7.9,7.89,7.42,7.17,7.1,6.47,6.16,6.2,6.37,6.65,6.84,6.9,6.93,7.91,8.51,8.95,9.74,10.7,11.1,10.4,10.8,11.0,10.8,11.3,10.6,10.4,10.8,11.2,11.2,10.5,10.1,10.6,10.1,8.39,7.52,7.34,7.76,7.79,7.47,8.35,8.92,9.14,8.98,9.91,10.8,12.3,12.4,12.8,13.8,13.9,14.6,15.1,15.2,15.6,15.4,14.5,14.2,15.2,15.9,16.3,17.7,19.6,19.8,21.1,21.4,22.4,23.1,20.7,18.8,18.9,19.3,18.4,18.6,20.3,21.4,21.7,21.3,22.0,23.1,24.4,26.5,26.6,24.7,23.6,24.0,26.1,26.3,26.2,29.8,30.3,29.7,32.9,33.8,35.3,35.7,36.0,32.8,31.4,31.9,32.1,34.2,34.0,35.1,35.0,35.1,34.0,35.1,36.6,38.0,40.7,42.7,44.2,43.6,42.2,39.8,37.8,36.2,36.6,39.8,41.9,39.2,40.9,43.3,47.5,46.2,45.7,44.4,47.8,48.3,47.5,47.7,47.7,48.4,48.3,47.3,47.2,48.1,50.1,51.7,51.1,51.1,52.4,53.3,53.5,54.3,56.7,58.3,57.8,59.3,61.9,64.0,64.7,65.4,62.8,61.5,62.3,62.8,66.2,67.2,69.4,71.9,74.8,78.0,77.8,78.2,77.9,80.0,82.8,84.8,78.7,64.1,55.8,62.1,64.5,64.5,68.9,69.1,67.4,67.8,75.1,78.9,78.5,78.9,84.5,88.3,90.2,90.9,89.6,89.4,89.1,88.9,85.6,85.1,84.3,81.4,80.9,81.0,79.8,82.6,84.7,77.6,77.6,83.0,86.3,86.1,91.0,91.4,98.7,102.5,103.8,104.0,101.1,101.9,98.0,100.5,104.6
Constellation Software Inc. (TSX:CSU),CSU,0.0,0.0,0.0,0.0,0.0,0.0,0.0,0.0,0.0,0.0,0.0,0.0,0.0,0.0,0.0,0.0,0.0,0.0,0.0,0.0,0.0,0.0,0.0,0.0,0.0,0.0,0.0,0.0,0.0,0.0,0.0,0.0,0.0,0.0,0.0,0.0,0.0,0.0,0.0,0.0,0.0,0.0,0.0,0.0,0.0,0.0,0.0,0.0,0.0,0.0,0.0,0.0,0.0,0.0,0.0,0.0,0.0,0.0,0.0,0.0,0.0,0.0,0.0,0.0,0.0,0.0,0.0,0.0,0.0,0.0,0.0,0.0,0.0,0.0,0.0,0.0,16.5,16.8,17.7,19.0,18.2,18.4,18.4,18.6,19.9,21.2,21.1,21.6,22.5,22.5,24.4,25.7,24.7,24.9,25.2,24.5,24.1,23.5,23.5,22.5,24.4,26.9,27.3,27.2,27.0,22.3,19.9,20.5,21.4,20.5,20.8,24.5,27.4,28.2,29.5,31.8,32.8,33.8,32.5,33.0,35.6,36.9,39.6,43.1,42.3,39.7,39.3,40.3,41.0,42.4,45.1,47.4,49.5,52.0,56.8,68.1,73.2,75.2,75.7,73.1,70.5,69.4,65.9,70.0,80.5,90.5,93.4,89.9,89.5,87.7,90.4,94.5,103.8,109.7,116.8,119.7,123.3,121.3,117.9,126.5,135.0,140.9,140.7,156.0,168.0,177.7,185.7,189.9,207.7,216.1,228.0,240.5,228.6,227.3,239.9,247.8,248.5,254.1,278.7,288.6,286.6,303.7,338.3,377.5,405.5,417.5,418.8,427.1,426.5,427.8,425.2,423.6,381.9,362.4,394.4,407.8,399.3,400.5,390.6,410.7,434.3,446.7,461.2,458.1,453.9,457.6,480.9,479.4,488.6,521.0,526.4,547.0,555.7,570.9,584.6,598.9,610.3,643.0,673.3,686.8,739.0,786.6,799.7,744.4,728.1,704.2,681.7,673.1,672.5,774.7,845.2,862.3,876.3,898.0,944.4,955.2,971.3,992.1,1008.1,1011.6,1013.7,1074.6,961.6,911.3,1028.6,1113.2,1150.0,1166.5,1144.5,1128.8,1150.7,1259.8,1283.4,1288.1,1354.0,1445.1,1463.3,1474.2,1524.0,1606.1,1706.5,1722.1,1761.5,1739.6,1720.7,1666.1,1661.5,1710.9,1523.0,1483.3,1539.1,1646.4,1468.4,1392.7,1487.4,1564.7,1684.1,1757.6,1707.7,1937.5,1954.7,2045.1,2067.5,2013.8,2060.7,2057.0,2222.2,2412.5
Dollarama Inc. (TSX:DOL),DOL,0.0,0.0,0.0,0.0,0.0,0.0,0.0,0.0,0.0,0.0,0.0,0.0,0.0,0.0,0.0,0.0,0.0,0.0,0.0,0.0,0.0,0.0,0.0,0.0,0.0,0.0,0.0,0.0,0.0,0.0,0.0,0.0,0.0,0.0,0.0,0.0,0.0,0.0,0.0,0.0,0.0,0.0,0.0,0.0,0.0,0.0,0.0,0.0,0.0,0.0,0.0,0.0,0.0,0.0,0.0,0.0,0.0,0.0,0.0,0.0,0.0,0.0,0.0,0.0,0.0,0.0,0.0,0.0,0.0,0.0,0.0,0.0,0.0,0.0,0.0,0.0,0.0,0.0,0.0,0.0,0.0,0.0,0.0,0.0,0.0,0.0,0.0,0.0,0.0,0.0,0.0,0.0,0.0,0.0,0.0,0.0,0.0,0.0,0.0,0.0,0.0,0.0,0.0,0.0,0.0,0.0,0.0,0.0,0.0,0.0,0.0,0.0,0.0,0.0,0.0,0.0,0.0,3.0,3.05,3.37,3.44,3.3,3.48,3.87,3.96,3.96,4.01,4.07,4.22,4.42,4.52,4.73,4.74,4.84,4.94,5.12,5.25,5.44,5.63,5.48,5.68,6.06,6.13,6.58,7.09,7.21,7.37,8.28,9.17,9.49,10.2,10.4,10.2,10.5,10.6,10.3,9.88,9.94,9.97,10.9,11.9,11.7,11.8,12.1,12.6,13.8,14.1,13.7,13.2,12.6,12.9,13.3,13.9,14.0,14.0,14.0,14.3,14.4,15.2,16.1,16.6,16.3,16.9,18.7,19.2,19.5,20.2,20.0,20.7,22.7,22.8,21.0,18.0,17.9,19.4,22.7,23.5,23.4,23.7,24.8,25.5,25.7,24.9,24.9,24.8,25.6,25.4,27.6,29.6,31.0,31.9,32.4,35.2,37.0,38.9,40.9,41.9,42.4,39.5,39.4,38.6,39.0,38.2,36.8,35.7,30.9,27.8,25.0,25.0,27.0,27.0,28.4,30.6,33.1,36.5,37.7,37.3,35.5,35.3,34.9,34.7,33.0,28.8,29.0,31.2,33.9,34.5,37.4,38.3,38.1,37.7,40.9,41.1,39.2,39.6,44.4,45.1,44.9,45.9,46.5,45.2,44.8,45.7,46.0,49.3,50.9,52.9,57.2,54.3,56.8,59.2,61.6,58.9,59.2,59.0,59.8,61.1,58.9,56.7,61.6,61.8,64.1,66.7,63.8,68.1,69.2,71.3,71.7
Emera Incorporated (TSX:EMA),EMA,9.79,9.48,8.87,9.33,9.29,9.89,9.92,10.1,10.5,10.3,10.5,11.1,11.3,10.8,10.6,10.8,10.6,10.5,10.5,10.7,10.5,11.0,11.2,11.1,10.6,10.4,10.4,10.4,10.7,11.0,10.9,10.5,10.7,11.1,10.7,10.3,10.5,10.4,10.2,10.3,11.5,12.6,12.8,12.5,12.6,12.9,13.3,13.5,13.9,14.0,14.4,14.1,12.9,12.5,12.8,13.4,13.9,14.4,15.1,15.5,16.0,15.7,15.5,14.8,14.5,14.9,15.1,15.1,16.0,16.6,16.6,17.3,17.6,17.3,17.1,16.8,16.9,16.7,16.7,17.4,18.1,18.4,19.2,19.6,19.3,18.3,17.6,18.3,19.5,19.5,19.4,19.2,19.1,20.2,21.2,21.3,21.4,21.2,20.7,20.7,21.9,22.6,22.2,21.9,21.3,18.5,17.1,17.3,18.3,17.3,15.6,15.8,16.9,18.1,18.5,19.2,19.3,20.7,21.7,23.0,23.6,22.6,23.4,24.3,23.6,23.7,24.7,25.3,26.2,28.9,30.1,31.3,32.0,32.3,32.2,32.5,32.8,32.5,33.2,31.7,31.2,31.7,31.7,31.6,32.2,33.0,34.0,34.3,34.0,32.2,33.4,34.9,35.3,35.3,34.6,34.4,35.6,35.4,34.4,34.8,35.7,33.5,31.9,30.8,28.7,29.1,28.9,28.1,28.5,28.9,29.9,31.3,31.5,31.3,31.9,31.5,31.0,31.5,33.5,33.7,33.2,33.5,32.9,33.2,33.9,33.0,32.4,33.3,32.9,33.3,32.7,31.5,30.7,32.2,34.7,36.5,36.1,36.1,37.3,37.3,36.4,35.5,34.2,33.6,34.2,34.7,34.4,35.2,34.8,36.2,37.0,37.4,38.2,38.1,37.9,37.6,37.3,34.9,31.9,31.8,31.6,31.4,32.1,31.8,31.4,30.6,31.9,33.0,33.1,34.8,36.2,37.5,37.8,39.7,41.2,42.0,43.0,43.2,41.2,41.5,43.5,44.8,40.0,37.7,38.9,39.5,40.1,41.0,40.9,41.7,42.0,42.2,41.8,40.9,41.8,45.0,46.2,46.7,46.0,46.6,46.6,46.5,47.0,47.3,48.2,46.9,47.3,50.0,48.7,47.4,46.8,47.5,45.5,38.7,37.9,38.7,39.7,40.1,39.6,42.8,42.8,41.2,41.1,38.1,37.1,33.9,35.0,36.3
Enbridge Inc. (TSX:ENB),ENB,4.79,4.53,4.66,5.15,5.39,5.53,5.45,5.6,5.71,5.86,6.35,6.62,6.45,6.27,6.54,6.47,6.11,6.48,6.6,6.61,6.61,6.83,6.93,6.8,6.63,6.76,6.98,7.06,7.46,7.71,7.62,7.36,7.24,7.21,7.2,6.92,6.92,6.91,7.19,7.44,8.02,8.76,8.97,9.07,9.13,9.31,9.98,10.1,10.2,9.74,9.94,9.83,9.27,9.08,9.24,9.58,10.0,10.4,11.0,11.8,12.1,12.6,12.8,12.7,13.0,13.6,14.3,14.4,15.2,15.3,15.2,15.6,15.6,15.7,15.2,14.6,14.8,15.0,15.4,16.0,16.1,15.9,16.9,17.4,16.8,16.3,16.2,16.4,16.9,17.1,17.4,17.2,17.2,18.9,19.8,19.0,19.4,19.8,20.5,20.7,21.5,22.2,21.4,21.0,19.9,17.3,15.9,15.4,16.3,16.2,15.1,15.0,16.0,17.3,17.5,18.7,18.8,19.6,20.3,21.9,22.6,22.2,23.2,24.5,23.7,23.2,24.2,24.7,25.2,26.5,27.6,27.8,27.9,28.9,29.6,31.2,32.0,31.8,32.3,31.9,32.0,32.8,34.5,35.2,36.3,38.1,38.5,39.1,40.1,38.9,39.8,40.2,39.5,39.8,39.4,41.0,43.7,44.2,44.9,45.7,46.4,43.8,43.4,43.0,41.3,41.7,42.8,41.9,42.7,42.4,43.8,46.1,47.8,47.4,48.2,49.7,50.0,47.1,46.3,47.9,48.6,48.9,47.7,50.6,51.5,47.6,45.6,42.2,39.4,41.1,39.6,33.8,31.9,32.5,35.8,39.6,40.8,41.3,41.4,40.9,42.6,43.8,42.6,42.3,43.0,42.8,41.5,41.7,40.8,39.0,40.2,40.7,40.7,40.8,37.1,37.8,39.4,35.9,32.0,31.0,31.5,31.8,34.1,35.4,34.4,32.9,32.3,32.1,33.5,36.5,36.6,37.0,37.1,35.8,35.5,33.8,34.3,35.6,37.3,38.4,40.0,41.1,33.8,28.2,30.9,31.8,30.7,32.4,31.4,29.4,29.2,32.0,33.6,34.9,35.7,37.0,38.5,39.4,39.6,39.0,39.5,41.2,41.4,38.3,39.9,42.0,44.0,45.7,44.3,43.8,42.7,43.5,40.5,37.6,40.3,39.4,41.0,39.5,37.6,39.4,38.1,37.1,36.9,35.4,34.3,32.1,33.6,35.2
First Quantum Minerals Ltd. (TSX:FM),FM,0.359,0.48,0.471,0.403,0.339,0.341,0.344,0.334,0.413,0.406,0.389,0.412,0.432,0.48,0.456,0.442,0.481,0.517,0.468,0.42,0.385,0.315,0.314,0.359,0.364,0.343,0.358,0.408,0.467,0.531,0.511,0.408,0.405,0.39,0.411,0.444,0.503,0.582,0.665,0.686,0.717,0.783,0.815,0.91,1.08,1.34,1.58,1.92,2.23,2.41,2.35,2.12,1.96,2.15,2.17,2.05,2.08,2.47,2.73,3.0,2.99,3.39,3.9,3.63,3.33,3.49,3.91,4.22,4.43,4.73,4.84,5.59,6.39,6.74,6.79,8.5,9.71,8.54,8.69,9.71,10.4,10.4,10.8,10.8,10.3,10.9,11.7,13.3,14.9,16.9,19.1,17.1,16.2,19.4,19.0,17.5,15.9,15.9,17.2,17.0,17.2,14.9,13.7,12.8,10.6,5.8,3.54,2.76,3.45,4.39,5.52,6.44,7.97,9.22,10.2,12.7,12.8,13.2,14.3,15.0,16.5,15.5,16.4,16.6,13.8,11.2,11.9,12.2,12.6,15.6,17.6,20.1,22.8,24.8,24.6,26.6,26.7,25.9,27.8,24.8,20.1,16.3,18.5,18.4,21.0,22.7,21.1,20.2,19.2,17.8,17.8,18.9,20.9,22.0,22.2,21.1,21.4,20.0,19.3,18.0,17.6,16.9,15.3,16.9,17.9,18.2,18.1,16.8,17.6,18.6,18.4,18.4,20.0,20.5,22.8,23.0,21.5,18.1,15.9,15.3,12.4,10.8,11.7,12.9,14.4,13.8,12.1,7.48,5.02,5.16,4.72,3.57,2.8,2.53,4.75,5.91,6.91,6.89,7.54,8.62,8.25,8.33,10.1,11.2,11.6,12.3,10.8,10.3,9.16,8.29,9.28,10.7,11.3,11.7,11.9,12.5,14.7,15.5,15.6,14.1,15.3,15.8,14.5,13.8,12.4,11.0,9.33,8.91,8.56,10.6,11.1,11.4,9.55,8.22,9.21,7.8,7.22,8.05,9.0,9.57,9.72,8.7,6.3,5.02,5.82,6.58,8.52,9.27,9.69,9.65,11.9,15.3,18.3,19.4,21.2,21.2,24.0,23.2,21.5,20.1,19.1,20.7,22.7,22.1,24.8,26.9,30.1,32.3,26.8,24.8,17.0,18.6,17.1,17.7,22.2,22.1,22.5,20.5,20.8,24.3,24.1,23.3,26.0,26.3,25.0,22.0,10.9,8.21
FirstService Corporation (TSX:FSV),FSV,0.0,0.0,0.0,0.0,0.0,0.0,0.0,0.0,0.0,0.0,0.0,0.0,0.0,0.0,0.0,0.0,0.0,0.0,0.0,0.0,0.0,0.0,0.0,0.0,0.0,0.0,0.0,0.0,0.0,0.0,0.0,0.0,0.0,0.0,0.0,0.0,0.0,0.0,0.0,0.0,0.0,0.0,0.0,0.0,0.0,0.0,0.0,0.0,0.0,0.0,0.0,0.0,0.0,0.0,0.0,0.0,0.0,0.0,0.0,0.0,0.0,0.0,0.0,0.0,0.0,0.0,0.0,0.0,0.0,0.0,0.0,0.0,0.0,0.0,0.0,0.0,0.0,0.0,0.0,0.0,0.0,0.0,0.0,0.0,0.0,0.0,0.0,0.0,0.0,0.0,0.0,0.0,0.0,0.0,0.0,0.0,0.0,0.0,0.0,0.0,0.0,0.0,0.0,0.0,0.0,0.0,0.0,0.0,0.0,0.0,0.0,0.0,0.0,0.0,0.0,0.0,0.0,0.0,0.0,0.0,0.0,0.0,0.0,0.0,0.0,0.0,0.0,0.0,0.0,0.0,0.0,0.0,0.0,0.0,0.0,0.0,0.0,0.0,0.0,0.0,0.0,0.0,0.0,0.0,0.0,0.0,0.0,0.0,0.0,0.0,0.0,0.0,0.0,0.0,0.0,0.0,0.0,0.0,0.0,0.0,0.0,0.0,0.0,0.0,0.0,0.0,0.0,0.0,0.0,0.0,0.0,0.0,0.0,0.0,0.0,0.0,0.0,0.0,0.0,0.0,0.0,0.0,0.0,0.0,0.0,26.2,27.8,30.8,32.2,33.1,36.0,39.6,37.6,36.7,39.6,42.2,44.9,45.8,45.2,48.9,48.2,45.5,41.7,44.3,48.2,52.4,57.2,60.2,61.5,62.9,63.8,64.5,66.8,68.6,68.7,68.4,68.6,68.4,70.4,71.0,70.7,72.7,77.3,83.0,85.7,81.2,74.5,72.1,72.2,83.3,86.3,87.2,88.0,93.9,98.1,103.0,102.5,100.3,91.9,92.9,96.2,104.5,92.1,77.7,84.9,96.6,103.9,117.0,126.0,131.5,135.4,134.1,136.4,144.5,151.1,157.1,162.6,167.8,177.3,186.1,187.3,190.3,197.3,193.3,175.6,153.4,140.6,138.3,121.0,121.3,128.4,133.3,121.6,123.2,124.5,123.8,135.5,141.7,135.8,143.4,145.7,146.3,156.4,150.4,151.7,141.9,150.0,160.6
Fortis Inc. (TSX:FTS),FTS,5.35,5.14,4.94,5.2,5.2,5.35,5.55,5.51,5.73,5.75,5.6,5.71,5.89,5.84,5.93,6.16,6.22,6.22,6.11,6.31,6.52,6.71,6.79,6.8,7.1,7.25,7.52,7.61,7.75,7.81,7.57,7.48,7.79,7.88,8.1,8.1,8.37,8.59,8.6,8.55,9.45,10.4,10.7,10.6,10.5,10.5,11.1,11.3,11.5,11.6,11.6,11.8,11.1,10.9,11.0,11.3,11.6,12.4,13.6,14.0,14.3,14.8,14.9,14.6,14.5,15.3,16.2,16.9,18.6,19.9,20.1,21.0,20.6,20.0,19.5,19.0,19.5,20.5,19.9,20.5,21.9,21.8,23.5,25.0,24.2,23.2,23.5,24.6,25.5,25.5,25.1,24.5,25.3,27.4,28.1,27.7,28.3,28.5,27.9,27.4,27.3,27.3,26.0,24.8,23.5,21.3,21.2,20.5,19.8,19.1,18.1,18.3,19.6,21.8,22.4,23.3,23.1,23.9,24.6,25.8,27.2,26.3,27.4,28.2,26.5,26.1,26.9,27.7,29.1,31.2,31.7,32.4,34.0,34.2,33.5,33.6,33.8,33.2,33.4,32.2,32.2,32.3,32.6,31.7,32.3,33.2,32.6,32.9,33.5,32.1,32.1,33.4,33.7,33.9,33.5,33.7,34.6,33.8,32.8,33.1,33.5,31.7,30.9,30.4,29.5,30.6,30.5,29.3,28.0,27.6,27.9,28.7,29.6,29.7,30.4,30.6,30.9,31.1,33.2,34.0,33.2,32.3,31.2,31.6,31.9,29.8,28.7,28.5,27.3,28.9,28.8,27.5,26.7,27.6,29.1,30.9,31.3,32.1,33.2,33.0,32.1,31.9,31.3,30.4,31.0,32.0,32.2,32.8,32.6,33.8,35.1,36.1,36.5,36.5,37.3,36.9,35.7,33.8,33.1,33.5,33.1,31.7,32.0,32.6,32.6,32.5,34.0,34.6,34.1,35.4,36.2,37.0,37.2,38.6,39.7,40.3,41.7,42.0,40.5,40.3,42.3,43.6,39.2,36.9,37.9,38.1,38.8,40.2,40.1,40.8,41.0,40.9,40.8,40.5,41.1,43.7,45.0,45.8,44.8,45.4,45.6,44.8,44.6,45.4,47.0,46.3,46.8,49.8,49.1,47.5,46.7,46.5,42.8,37.6,39.6,40.3,41.3,40.9,40.4,44.0,44.1,42.6,42.9,40.2,39.8,39.3,40.8,40.7
Franco0.0Nevada Corporation (TSX:FNV),FNV,0.0,0.0,0.0,0.0,0.0,0.0,0.0,0.0,0.0,0.0,0.0,0.0,0.0,0.0,0.0,0.0,0.0,0.0,0.0,0.0,0.0,0.0,0.0,0.0,0.0,0.0,0.0,0.0,0.0,0.0,0.0,0.0,0.0,0.0,0.0,0.0,0.0,0.0,0.0,0.0,0.0,0.0,0.0,0.0,0.0,0.0,0.0,0.0,0.0,0.0,0.0,0.0,0.0,0.0,0.0,0.0,0.0,0.0,0.0,0.0,0.0,0.0,0.0,0.0,0.0,0.0,0.0,0.0,0.0,0.0,0.0,0.0,0.0,0.0,0.0,0.0,0.0,0.0,0.0,0.0,0.0,0.0,0.0,0.0,0.0,0.0,0.0,0.0,0.0,0.0,0.0,0.0,0.0,0.0,0.0,14.8,16.8,20.2,21.2,19.3,19.0,21.3,22.6,19.7,18.7,15.9,12.9,13.8,17.0,20.0,21.7,21.5,23.2,26.2,23.9,24.6,26.5,26.8,26.9,26.8,27.2,26.3,26.3,27.2,28.7,30.7,30.5,30.9,31.1,32.7,33.1,32.9,31.5,30.5,34.6,37.4,37.8,37.6,38.9,42.1,42.9,38.5,40.6,39.9,39.7,43.8,43.1,42.1,42.1,44.1,46.3,48.2,53.9,58.5,57.6,57.0,56.0,52.2,46.9,42.1,41.2,39.0,37.3,43.6,45.2,44.1,43.3,40.2,42.7,49.3,50.1,46.9,47.9,49.7,56.3,57.4,53.8,51.2,51.6,51.3,51.9,54.2,50.1,49.7,52.2,50.1,45.4,42.4,43.0,48.1,49.3,47.4,45.5,50.2,59.7,65.2,67.1,68.0,74.5,76.2,72.8,67.1,62.2,57.6,61.0,65.8,64.4,67.0,69.5,73.3,72.2,75.9,80.7,79.4,82.4,80.1,77.9,74.2,70.3,69.7,71.8,70.5,72.5,70.4,63.7,63.7,65.6,69.9,70.5,74.5,75.9,73.8,72.5,78.4,85.6,92.4,95.0,93.7,96.6,98.2,103.6,113.1,109.4,115.4,139.8,136.4,144.7,153.4,146.0,139.1,135.9,131.3,126.6,119.5,116.4,132.3,145.2,149.3,148.4,151.2,140.7,136.4,143.3,136.2,132.3,137.6,153.5,160.2,142.3,141.0,128.6,130.0,119.5,120.8,135.3,139.7,144.6,135.5,137.7,153.1,154.0,143.4,144.3,139.7,140.2,135.8,119.6,111.2
George Weston Limited (TSX:WN),WN,34.1,33.6,34.4,36.0,39.1,43.1,44.5,45.1,46.9,48.7,51.2,54.4,53.1,52.3,56.0,56.8,59.0,59.2,59.7,64.2,65.0,63.9,63.4,64.6,62.6,63.1,68.5,72.7,78.6,82.1,78.2,73.7,71.0,65.0,63.2,60.0,59.3,60.7,62.4,63.0,68.8,76.3,75.6,75.5,76.1,76.0,77.0,75.6,78.1,74.9,73.0,72.2,66.9,66.7,69.8,68.2,69.6,76.5,83.1,87.9,88.1,88.6,88.3,88.7,89.1,88.4,88.0,88.0,89.4,87.4,83.3,77.3,74.2,72.6,75.0,74.0,76.1,73.9,71.1,67.8,68.6,64.1,62.5,63.6,65.5,64.1,61.7,64.0,68.6,71.5,75.3,71.7,68.8,71.2,64.7,53.1,53.8,50.9,46.4,47.1,49.3,49.3,45.7,43.9,46.4,47.4,47.6,47.1,49.0,50.3,48.1,47.1,52.6,54.3,51.6,52.8,53.2,53.5,54.1,59.0,64.7,66.1,67.3,71.3,71.4,70.7,72.1,77.2,77.8,76.9,77.2,78.6,79.1,71.0,69.3,69.5,72.4,72.2,71.1,68.6,67.0,66.8,66.7,64.3,64.6,64.7,63.6,62.8,60.5,56.6,57.9,60.9,64.2,64.2,63.7,67.1,71.4,72.2,72.0,73.1,78.9,80.0,80.7,82.4,79.6,79.9,79.5,74.8,71.9,70.1,72.3,73.8,74.5,73.8,74.9,79.0,79.4,79.8,82.9,86.6,82.2,81.0,81.5,82.9,83.7,82.2,80.8,83.9,82.6,83.2,83.4,79.9,74.7,75.8,83.4,87.6,86.8,87.0,87.2,89.3,86.1,82.7,80.2,83.6,85.1,84.8,84.5,86.8,89.5,90.2,90.4,87.9,86.7,87.4,86.3,86.2,87.1,84.8,81.0,80.9,81.3,80.4,81.8,81.0,76.9,72.7,71.1,69.2,69.2,72.2,70.8,73.4,75.4,76.1,76.6,79.4,82.7,83.3,80.0,80.4,80.0,81.5,74.0,71.3,71.3,71.5,74.8,76.1,73.7,73.4,74.0,75.6,75.2,74.6,79.5,88.2,92.7,96.9,96.8,103.8,106.1,107.6,110.2,111.0,112.2,109.0,116.6,124.5,119.3,116.2,119.2,120.2,112.3,106.4,116.6,127.4,128.7,125.4,122.2,133.4,126.6,116.2,116.5,112.3,112.6,108.8,118.3,119.8
Gildan Activewear Inc. (TSX:GIL),GIL,1.32,1.79,1.97,2.05,2.13,2.18,2.33,2.45,2.52,2.16,2.11,2.19,2.51,2.68,2.59,2.12,2.01,1.96,1.66,1.59,1.64,1.47,1.52,1.66,1.83,1.99,2.09,2.21,2.5,2.84,2.66,2.52,2.71,2.6,2.67,2.8,3.05,3.14,3.12,3.18,3.48,3.39,3.42,3.68,3.67,3.53,3.51,3.57,3.76,3.92,4.07,3.86,3.6,3.48,3.39,3.45,3.44,3.53,3.73,3.98,4.24,4.76,5.21,5.46,5.61,6.19,6.93,7.89,8.58,9.05,9.07,10.1,11.1,12.0,12.6,12.0,11.3,10.4,10.6,11.4,12.4,12.5,13.0,12.8,12.3,13.0,13.6,15.2,16.7,17.6,17.5,16.7,16.9,20.0,20.7,19.7,19.1,18.5,18.5,17.8,14.9,13.9,12.7,12.4,11.9,10.8,10.1,7.03,5.51,4.74,3.61,4.99,6.64,8.07,7.71,9.2,10.1,9.53,9.25,10.4,11.6,11.4,12.7,13.8,14.3,15.1,14.8,14.8,14.1,14.0,14.0,14.5,14.3,15.0,15.6,16.9,18.1,17.4,16.9,14.2,13.2,13.2,12.6,10.2,10.1,11.7,13.1,13.7,13.2,12.9,13.8,15.0,15.7,16.3,16.9,17.5,18.5,18.3,18.9,19.7,20.5,20.3,20.8,22.4,22.9,23.5,24.2,25.0,26.5,26.0,25.1,25.0,26.5,27.5,29.5,29.3,28.1,27.8,29.2,28.5,28.2,29.3,29.8,30.9,31.8,32.6,33.7,32.5,30.6,29.9,29.3,30.0,27.1,24.8,27.3,30.3,30.2,29.3,29.9,30.0,29.0,27.2,26.2,27.0,25.7,25.1,25.7,26.9,28.1,29.9,30.6,30.3,30.9,31.1,30.7,31.7,32.6,31.8,29.3,29.2,29.1,28.9,28.0,28.8,29.7,29.8,31.0,31.8,31.6,34.0,35.6,36.7,37.2,37.6,39.2,37.7,36.4,32.9,27.0,28.5,29.4,28.1,19.9,13.8,14.1,15.2,15.9,18.6,20.0,21.1,23.5,26.9,27.4,27.0,29.8,32.5,35.0,35.8,35.1,36.2,38.3,36.8,40.0,41.3,40.6,39.7,38.0,36.6,31.1,29.4,27.9,31.3,30.5,30.5,28.7,28.1,30.0,30.3,31.9,32.3,29.8,30.1,31.8,30.1,28.3,28.6,34.2,34.9
Hydro One Limited (TSX:H),H,0.0,0.0,0.0,0.0,0.0,0.0,0.0,0.0,0.0,0.0,0.0,0.0,0.0,0.0,0.0,0.0,0.0,0.0,0.0,0.0,0.0,0.0,0.0,0.0,0.0,0.0,0.0,0.0,0.0,0.0,0.0,0.0,0.0,0.0,0.0,0.0,0.0,0.0,0.0,0.0,0.0,0.0,0.0,0.0,0.0,0.0,0.0,0.0,0.0,0.0,0.0,0.0,0.0,0.0,0.0,0.0,0.0,0.0,0.0,0.0,0.0,0.0,0.0,0.0,0.0,0.0,0.0,0.0,0.0,0.0,0.0,0.0,0.0,0.0,0.0,0.0,0.0,0.0,0.0,0.0,0.0,0.0,0.0,0.0,0.0,0.0,0.0,0.0,0.0,0.0,0.0,0.0,0.0,0.0,0.0,0.0,0.0,0.0,0.0,0.0,0.0,0.0,0.0,0.0,0.0,0.0,0.0,0.0,0.0,0.0,0.0,0.0,0.0,0.0,0.0,0.0,0.0,0.0,0.0,0.0,0.0,0.0,0.0,0.0,0.0,0.0,0.0,0.0,0.0,0.0,0.0,0.0,0.0,0.0,0.0,0.0,0.0,0.0,0.0,0.0,0.0,0.0,0.0,0.0,0.0,0.0,0.0,0.0,0.0,0.0,0.0,0.0,0.0,0.0,0.0,0.0,0.0,0.0,0.0,0.0,0.0,0.0,0.0,0.0,0.0,0.0,0.0,0.0,0.0,0.0,0.0,0.0,0.0,0.0,0.0,0.0,0.0,0.0,0.0,0.0,0.0,0.0,0.0,0.0,0.0,0.0,0.0,0.0,0.0,0.0,16.7,16.4,15.8,16.2,17.5,18.3,18.5,18.9,19.7,19.8,20.0,19.0,17.7,17.4,17.9,18.2,17.7,18.0,17.4,17.5,17.8,18.0,18.4,18.1,17.8,17.7,17.7,17.0,16.2,16.3,15.6,15.1,14.9,14.7,15.0,15.0,14.8,15.1,15.2,15.6,15.4,15.7,16.4,17.1,17.6,18.0,18.4,18.5,18.5,19.1,19.6,20.9,19.3,17.9,18.3,18.9,19.6,20.9,20.9,21.9,22.4,22.5,22.9,22.8,22.5,23.9,24.6,25.1,24.4,24.6,24.7,24.1,24.2,24.7,25.3,25.2,25.4,27.3,27.3,26.6,27.0,27.7,26.3,23.8,25.9,27.3,27.6,26.7,26.8,29.5,29.0,28.1,28.5,27.1,26.4,25.6,27.5,28.7
Imperial Oil Limited (TSX:IMO),IMO,7.43,6.75,6.43,7.18,7.94,8.14,8.17,8.08,8.6,8.54,8.41,8.64,8.19,8.01,8.18,8.38,9.0,8.96,8.75,9.09,9.18,9.22,9.13,9.04,8.96,8.9,9.53,9.84,10.2,10.0,9.62,9.01,9.35,9.35,9.18,9.44,9.65,10.1,10.5,10.4,10.5,11.2,11.4,11.6,12.3,12.9,13.2,13.7,15.2,15.3,15.0,14.9,14.9,15.0,15.7,15.9,16.1,17.9,19.5,19.6,19.4,21.6,24.2,24.8,23.5,25.3,28.2,30.1,34.8,33.7,30.3,32.5,34.0,33.7,33.0,35.9,35.7,34.9,35.6,37.8,35.5,33.1,35.9,37.2,34.7,35.4,35.9,37.7,41.2,46.6,47.6,44.3,45.5,49.1,52.8,51.9,51.7,51.5,54.4,54.7,58.2,57.5,52.0,48.6,46.0,36.1,31.6,31.5,32.7,31.3,32.4,36.3,36.6,39.4,38.0,37.8,37.3,39.4,39.1,38.0,38.4,37.3,38.2,40.5,40.3,38.7,38.4,38.3,37.4,38.2,37.8,37.7,40.9,45.7,51.1,52.1,49.7,46.6,45.9,42.3,38.6,38.3,40.8,41.7,44.7,47.6,46.8,45.2,43.6,40.8,41.8,44.7,47.1,46.1,44.4,43.2,43.8,43.1,41.8,40.0,39.1,38.8,40.3,41.6,42.7,43.7,43.5,43.4,42.7,42.4,45.2,46.9,48.7,50.5,53.0,51.5,50.8,46.8,47.0,45.0,40.4,39.2,38.6,42.2,42.2,39.4,37.3,35.5,32.7,32.9,32.6,31.4,30.0,29.9,32.6,32.4,32.0,31.5,31.3,31.2,30.7,31.7,32.9,34.6,34.6,32.8,31.2,30.5,29.2,28.8,29.2,29.0,30.5,31.5,31.3,30.7,31.2,29.4,26.9,28.1,31.3,32.6,33.0,32.4,31.0,32.6,31.4,28.3,26.6,27.4,27.3,28.3,28.5,27.4,27.8,25.7,25.7,25.6,25.5,25.3,26.2,24.2,17.0,11.7,14.7,16.6,16.2,16.7,15.0,12.6,15.4,18.6,20.1,20.7,23.4,25.0,29.6,32.9,29.3,26.7,27.4,32.7,34.7,34.3,37.9,42.6,44.5,48.6,51.3,52.1,44.3,46.5,46.2,47.8,56.5,50.1,49.5,51.4,48.7,53.5,46.5,49.1,50.4,54.7,59.0,59.4,56.9,56.3
Intact Financial Corporation (TSX:IFC),IFC,0.0,0.0,0.0,0.0,0.0,0.0,0.0,0.0,0.0,0.0,0.0,0.0,0.0,0.0,0.0,0.0,0.0,0.0,0.0,0.0,0.0,0.0,0.0,0.0,0.0,0.0,0.0,0.0,0.0,0.0,0.0,0.0,0.0,0.0,0.0,0.0,0.0,0.0,0.0,0.0,0.0,0.0,0.0,0.0,0.0,0.0,0.0,0.0,0.0,0.0,0.0,0.0,0.0,0.0,0.0,0.0,0.0,0.0,0.0,23.8,24.6,26.4,27.8,27.4,26.7,27.1,27.8,31.2,36.4,37.8,38.1,41.3,45.3,48.1,49.6,49.2,51.0,49.1,47.9,48.2,49.7,49.8,49.6,46.9,45.0,44.6,44.4,44.2,44.1,43.7,45.4,43.7,42.6,45.4,43.1,40.2,37.7,35.8,37.2,37.1,39.1,37.6,36.3,37.7,37.4,31.8,25.6,23.7,25.7,24.5,25.4,28.3,29.8,30.5,30.3,31.8,30.7,31.5,32.7,34.3,35.4,36.9,41.1,43.8,43.6,42.8,44.0,44.0,42.8,44.2,46.5,49.2,50.1,50.5,50.2,51.5,51.9,54.4,57.8,56.0,54.6,55.0,56.3,56.2,57.0,59.4,60.1,61.2,63.2,60.8,61.1,62.0,60.8,60.5,62.1,64.2,65.5,64.4,63.1,61.6,59.2,58.4,56.9,58.6,59.2,60.8,63.3,64.2,63.5,60.9,60.4,62.2,65.0,66.9,67.3,67.1,66.7,65.4,68.6,70.4,70.1,70.2,73.3,75.4,74.6,71.4,70.5,69.7,69.9,71.2,68.6,65.5,61.3,60.3,65.3,70.7,70.6,69.4,70.2,71.3,72.2,70.7,69.0,70.2,71.5,72.3,71.3,70.5,68.8,70.5,74.9,78.4,82.1,82.2,83.0,83.3,82.5,80.0,76.2,75.7,75.4,73.4,72.0,78.1,80.7,80.2,78.3,75.9,74.9,80.9,82.7,82.8,83.8,89.3,94.4,94.9,97.8,101.1,102.5,103.7,108.4,111.9,100.1,90.8,94.7,96.0,99.0,106.8,106.8,107.6,108.8,115.9,114.9,113.9,118.5,126.2,132.7,136.5,136.2,136.2,136.2,134.1,133.4,127.8,129.4,138.1,145.3,145.9,137.8,141.1,142.1,149.3,149.3,144.4,147.6,147.1,147.2,146.5,140.1,148.0,149.2,149.0,149.8,145.2,145.2,143.8,150.3,153.7
Kinross Gold Corporation (TSX:K),K,5.25,5.3,5.02,4.3,3.65,2.99,2.5,2.03,1.9,1.58,1.4,1.75,1.61,1.48,1.65,1.52,1.95,2.65,2.58,2.56,2.77,2.77,2.36,2.08,2.42,3.01,3.26,4.07,5.99,7.3,6.36,5.31,6.19,5.77,5.23,5.84,7.15,7.36,6.5,5.9,6.48,6.83,6.55,6.76,7.53,7.76,8.13,8.33,7.63,7.15,6.83,6.75,5.8,5.71,5.59,5.5,6.04,6.73,7.77,7.56,6.86,6.57,6.56,5.79,5.31,5.54,5.97,6.2,6.94,7.24,7.14,8.1,9.71,10.2,9.61,10.9,11.8,10.2,10.7,12.2,13.0,12.1,12.2,11.9,11.9,13.2,13.4,14.0,13.5,12.8,13.0,12.6,13.2,15.9,18.3,17.7,20.1,22.4,24.2,22.4,20.3,20.0,21.5,17.5,15.3,13.5,11.9,15.0,17.5,17.8,17.1,16.3,16.8,18.6,18.7,19.5,20.8,21.7,19.7,19.4,18.7,17.8,18.1,17.9,18.0,17.5,16.7,15.7,17.2,18.6,18.0,18.2,17.7,16.6,15.7,15.7,15.1,15.4,16.4,16.7,16.9,14.8,13.8,12.7,11.7,11.0,10.6,9.51,8.4,8.37,8.32,8.25,9.39,10.2,9.85,9.77,9.41,8.34,7.86,6.74,5.47,5.73,5.07,5.46,5.45,5.02,4.95,4.64,4.54,4.91,4.94,4.28,4.02,4.0,4.19,4.02,3.74,3.13,2.64,2.89,3.15,3.17,2.56,2.34,2.4,2.38,2.08,1.85,1.71,1.99,1.97,1.91,1.73,2.27,3.0,3.98,4.94,4.85,5.16,5.03,4.34,3.93,3.66,3.26,3.34,3.82,3.49,3.58,3.88,4.22,4.06,4.21,4.46,4.27,4.16,4.14,4.32,4.07,3.71,3.84,3.79,3.65,3.74,3.27,2.9,2.84,2.66,2.84,3.15,3.34,3.43,3.4,3.16,3.49,3.98,4.66,4.98,4.84,4.46,4.33,4.59,5.12,4.95,5.37,6.86,6.61,7.51,8.82,8.9,8.86,8.02,7.34,7.29,7.0,6.69,7.13,7.64,7.48,6.32,6.09,5.72,5.78,6.37,5.87,5.57,5.56,5.56,5.75,4.57,4.24,3.3,3.49,3.4,3.64,4.02,4.2,4.65,4.12,3.94,5.06,5.17,4.77,4.92,4.87,4.92,5.0,5.43,5.92
Loblaw Companies Limited (TSX:L),L,22.8,23.1,23.5,25.4,27.5,29.2,29.5,29.3,29.2,30.6,33.8,33.7,32.3,31.5,32.6,32.7,33.3,33.1,33.5,34.1,33.8,32.6,31.6,32.4,32.1,34.0,36.1,37.4,39.3,40.3,39.1,36.8,36.7,35.1,35.9,35.1,34.5,36.0,37.1,37.2,41.1,44.4,44.8,45.0,45.1,46.5,48.1,48.1,50.9,49.6,48.2,46.7,44.5,45.8,46.0,46.2,48.0,51.3,55.9,57.7,57.8,58.8,59.2,59.9,58.9,58.0,58.8,58.0,59.0,58.2,55.9,51.3,48.2,47.8,49.1,48.6,49.5,47.9,46.3,44.2,44.8,42.2,41.1,41.7,42.9,42.0,40.2,41.8,45.4,47.1,48.8,45.7,43.6,45.4,40.7,32.9,33.5,31.0,28.9,30.1,32.0,32.5,29.9,28.5,28.5,25.4,23.7,26.6,29.1,27.3,24.8,25.6,29.4,31.3,30.6,31.0,30.0,29.5,29.3,31.1,32.7,34.5,36.2,37.4,36.9,37.5,38.6,41.5,41.0,40.5,41.4,40.5,39.7,39.8,39.8,40.4,42.2,41.1,40.0,37.7,36.6,37.1,37.2,36.1,36.5,36.5,34.7,33.6,32.6,31.4,31.9,33.5,35.0,34.6,33.9,37.4,41.3,40.2,40.1,40.8,44.7,47.0,46.1,45.6,43.7,44.7,44.0,40.7,39.7,39.2,41.2,42.1,42.8,43.4,45.4,48.5,50.3,50.3,51.9,53.0,51.1,50.3,50.2,51.1,52.0,51.8,51.9,54.3,52.7,52.4,52.3,49.5,46.0,46.7,52.5,55.1,54.5,54.3,54.0,55.4,53.6,50.9,49.7,52.3,52.9,52.5,53.0,54.0,55.9,56.2,55.6,54.6,53.9,54.5,53.4,53.5,54.5,53.1,51.0,50.6,51.0,50.9,51.6,52.4,52.0,50.4,45.6,45.7,47.0,49.2,49.1,49.3,50.2,52.0,51.4,52.8,55.2,55.3,53.3,53.2,52.0,52.7,49.4,50.4,48.7,49.0,50.1,53.0,51.8,52.0,50.4,49.9,50.0,49.2,52.6,55.7,58.2,61.8,62.7,68.8,69.4,71.6,76.8,78.5,78.2,78.6,86.4,92.0,88.1,88.9,91.7,92.3,85.9,80.5,84.1,90.2,88.4,87.2,85.2,92.9,90.8,87.9,90.0,86.6,85.7,83.3,87.7,91.0
Magna International Inc. (TSX:MG),MG,10.9,10.4,10.1,10.7,12.0,12.2,12.1,12.3,11.7,10.7,10.8,10.3,10.5,11.5,11.3,12.0,13.9,15.0,15.5,15.9,14.1,12.9,14.3,15.7,15.9,16.1,17.6,18.4,18.5,17.3,15.9,15.0,15.3,13.9,13.6,13.7,14.2,14.0,13.5,13.8,15.4,16.7,17.7,19.1,19.0,19.1,19.6,19.5,20.3,20.2,19.6,20.2,19.7,20.4,20.7,19.6,18.6,18.1,18.9,19.8,19.6,19.0,18.0,16.3,15.9,17.2,18.4,19.1,18.5,17.6,17.2,17.2,17.8,18.1,18.5,19.0,19.6,18.6,18.1,18.0,17.9,18.4,18.6,19.5,19.9,19.8,18.9,19.2,20.4,22.5,23.1,21.9,22.6,23.3,22.3,20.1,18.6,19.6,17.8,18.0,19.1,17.0,14.7,14.8,14.2,9.41,7.23,7.17,7.67,7.08,6.03,8.35,8.56,9.38,11.2,11.9,10.6,10.8,12.1,12.3,14.2,14.2,14.8,15.9,17.4,17.0,17.5,19.3,19.8,21.2,23.5,25.1,28.1,28.5,25.7,24.2,24.7,24.0,25.6,21.2,17.8,17.9,17.6,17.0,18.4,21.7,23.6,23.3,21.7,20.0,19.9,21.2,22.5,22.2,22.3,23.4,25.7,26.5,27.6,28.8,30.9,33.8,36.2,39.0,40.6,42.1,42.0,40.4,41.5,43.1,46.4,48.6,49.7,52.6,54.7,55.6,55.0,48.1,50.6,53.2,51.0,50.1,52.8,53.2,54.6,57.7,55.8,52.7,48.7,49.7,48.4,43.4,37.4,34.2,39.4,42.0,41.3,39.3,37.1,39.6,40.6,41.5,40.2,43.2,44.1,43.7,43.6,41.5,42.8,45.2,46.6,47.3,49.8,53.9,54.2,55.6,58.0,56.2,54.6,57.8,61.9,64.0,60.4,56.5,53.9,51.0,49.4,47.4,48.0,51.8,50.6,52.1,50.4,45.9,48.4,48.8,51.2,52.6,55.0,54.9,54.3,51.3,40.4,32.7,37.9,43.4,45.8,49.8,48.3,49.7,57.1,63.4,71.9,77.0,87.0,91.9,96.1,96.6,88.6,82.9,78.4,79.8,83.4,80.2,81.9,79.6,66.5,62.6,60.5,60.3,58.1,62.1,54.6,50.9,59.3,58.2,62.3,59.8,52.8,53.0,52.3,53.8,60.1,58.5,56.1,51.9,53.2,56.2
Manulife Financial Corporation (TSX:MFC),MFC,6.18,5.88,6.24,7.45,8.0,9.02,9.06,9.3,10.2,11.1,12.1,13.4,13.8,13.5,13.2,12.8,13.0,13.5,13.8,14.7,13.8,12.6,13.1,13.3,13.0,13.1,13.6,13.8,14.5,14.4,13.3,12.0,11.2,10.6,11.6,11.8,11.5,11.8,12.3,12.7,13.4,14.1,14.2,14.8,15.4,14.9,15.1,15.7,16.8,17.9,17.8,18.9,18.7,19.3,19.8,20.1,21.1,22.1,22.8,22.7,22.4,22.7,23.6,23.3,22.9,23.5,24.6,25.3,25.6,25.9,27.2,29.1,29.7,30.8,32.0,32.1,32.6,32.3,31.7,31.9,32.4,32.3,33.1,33.6,33.6,34.2,34.1,35.1,36.2,36.9,37.6,37.6,39.0,41.9,42.6,40.6,38.4,37.4,37.4,37.9,38.4,37.7,36.0,35.7,35.0,28.6,19.3,16.4,17.4,14.9,10.6,14.1,18.3,20.3,19.2,21.4,20.3,20.8,19.2,17.7,19.0,18.6,19.3,19.6,17.8,16.2,15.1,13.4,12.3,12.6,13.9,15.6,17.4,18.3,18.0,17.5,17.7,16.8,16.8,14.5,12.6,12.2,11.9,10.6,11.2,12.2,13.0,13.4,12.4,10.7,10.6,10.9,11.8,12.3,12.3,12.9,14.1,14.8,14.9,14.3,15.1,15.8,16.8,17.2,16.8,17.0,18.4,19.1,19.5,18.9,19.1,18.9,18.7,18.9,20.1,20.2,20.0,18.8,19.0,19.4,17.8,17.1,17.3,17.6,18.6,19.0,18.4,17.1,15.6,16.1,16.5,15.8,13.8,12.9,13.6,14.2,14.5,14.3,13.6,13.5,13.8,14.3,15.7,17.8,18.5,18.8,18.1,17.5,17.5,17.8,19.2,20.0,19.8,20.3,20.8,21.0,21.4,20.5,18.9,18.6,19.0,18.9,18.2,18.4,18.2,16.9,16.3,15.5,15.1,16.2,16.9,17.7,17.9,17.6,18.3,17.2,17.4,18.2,19.3,19.6,20.5,19.7,14.7,11.5,11.9,13.2,13.7,14.6,14.6,14.1,15.4,17.4,18.4,19.2,20.9,21.5,21.3,20.3,19.3,19.5,19.4,19.7,19.8,18.8,19.7,20.8,20.4,20.9,18.3,17.6,17.4,18.4,16.9,16.1,17.2,17.8,18.8,19.7,18.7,19.0,19.3,18.9,19.1,18.8,18.8,17.9,18.7,20.6
Metro Inc. (TSX:MRU),MRU,1.93,2.02,2.08,2.04,2.02,2.03,2.09,2.07,2.07,2.15,2.18,2.19,2.3,2.34,2.36,2.48,2.66,2.95,3.22,3.47,3.71,3.84,3.92,3.78,3.85,4.34,4.4,4.38,4.36,4.41,4.05,3.9,3.98,3.65,3.75,3.77,3.88,3.98,3.92,4.02,4.55,4.85,4.81,4.58,4.57,4.82,5.13,5.27,5.53,5.24,5.34,5.15,4.46,4.49,4.62,4.57,4.74,5.03,5.61,6.28,6.51,6.95,7.45,7.44,7.23,7.06,7.64,8.84,9.55,9.54,9.41,9.05,8.72,8.6,8.78,9.11,9.59,9.28,8.92,9.0,9.74,10.2,10.4,10.7,10.7,10.9,11.0,10.9,11.6,11.7,12.0,11.6,11.2,11.7,11.1,9.34,8.79,7.85,7.61,8.0,8.73,8.74,8.42,8.86,9.31,8.86,8.62,9.31,10.1,10.2,10.2,10.3,10.4,10.8,10.8,10.9,10.9,10.9,10.9,11.7,12.4,12.6,13.5,14.0,14.2,13.7,13.8,14.2,14.5,14.7,15.2,15.1,14.9,14.6,15.2,15.9,16.3,16.3,16.6,16.0,15.3,15.2,16.1,16.9,17.2,17.3,17.2,17.8,17.6,16.5,17.3,18.9,19.7,19.6,19.7,20.7,21.2,21.1,20.9,21.0,22.5,22.5,22.7,22.9,21.3,21.0,20.4,19.8,20.1,19.1,18.9,19.5,20.4,20.5,20.8,21.6,22.0,22.4,24.0,25.8,26.0,27.2,27.7,28.5,28.9,27.9,27.1,27.6,26.7,27.7,28.4,28.6,28.0,29.5,32.0,33.3,33.5,34.2,35.4,35.7,33.8,32.1,30.8,30.5,30.4,30.5,30.2,31.3,33.3,33.2,33.2,33.6,33.0,33.1,32.2,31.8,32.5,32.1,31.6,32.2,32.6,33.3,33.6,32.8,31.4,31.2,32.5,34.3,35.7,36.9,36.8,37.0,36.5,37.4,38.0,39.9,42.7,43.1,42.5,42.7,41.5,41.3,40.2,41.2,41.6,41.4,42.2,44.4,46.0,47.7,47.3,46.0,45.0,43.5,43.7,46.1,47.1,48.1,48.6,50.3,49.3,49.0,50.7,50.3,52.5,52.7,54.5,56.5,53.5,53.7,54.4,54.9,53.1,50.9,55.3,56.7,55.4,52.7,51.4,56.2,56.4,53.8,55.4,52.2,52.7,51.8,52.2,50.5
National Bank of Canada (TSX:NA),,6.08,6.15,6.9,7.16,7.13,7.68,7.44,7.39,7.97,7.87,7.76,8.19,8.87,9.55,9.43,8.83,8.61,9.41,9.63,9.69,9.07,8.29,8.1,8.83,9.19,9.3,9.84,10.5,10.6,10.4,9.93,9.77,9.34,9.32,9.88,10.1,10.5,10.5,10.8,11.4,12.5,13.2,13.4,12.9,13.0,14.4,15.6,15.9,16.6,16.8,17.1,17.2,16.1,16.0,16.4,16.8,16.8,18.0,19.7,19.9,19.9,20.3,21.7,21.3,20.9,21.5,22.7,23.5,24.6,25.2,25.4,26.1,26.2,27.1,27.7,27.6,27.5,26.9,25.8,26.6,27.4,26.8,27.8,28.5,27.7,27.4,27.5,27.8,28.9,29.6,29.4,27.8,26.3,27.3,26.9,26.1,24.8,25.3,24.4,24.4,26.0,26.2,24.9,24.0,24.0,21.0,17.8,14.2,13.1,13.8,15.1,17.4,19.9,23.2,24.1,26.3,27.5,27.8,28.2,28.9,28.2,27.5,29.7,30.9,29.7,27.7,27.5,27.8,30.1,32.2,32.8,33.9,34.8,36.2,38.2,40.1,41.0,40.2,40.4,37.9,35.4,34.2,33.8,33.0,35.8,38.1,39.5,39.7,37.4,35.5,36.2,37.3,37.8,38.1,38.3,38.8,39.3,39.2,37.8,36.6,36.8,36.5,36.4,37.9,39.7,41.8,43.7,42.8,40.6,39.1,39.6,40.7,41.8,42.2,43.4,45.0,47.3,46.2,47.2,44.2,39.4,37.4,37.5,38.3,40.3,39.4,36.8,34.2,32.4,32.2,32.7,31.1,27.5,27.0,30.0,33.9,33.9,34.1,34.3,35.0,36.0,35.2,35.9,39.3,41.7,43.3,43.2,41.4,39.3,40.2,42.9,44.4,46.3,48.3,49.3,49.7,50.8,50.4,48.7,47.2,48.0,48.2,48.0,49.3,49.9,48.3,45.7,44.1,43.7,46.6,46.5,46.5,47.0,46.4,47.9,47.2,47.7,50.2,52.4,54.1,55.6,55.5,44.0,36.6,39.3,44.5,45.8,49.2,52.8,50.4,52.0,55.8,57.0,58.3,66.0,69.6,74.2,76.5,75.0,76.4,77.3,79.8,83.1,77.8,77.6,80.1,78.6,75.5,71.3,70.7,67.3,71.3,66.8,64.4,71.4,68.8,72.1,74.7,71.7,72.7,74.8,73.1,75.8,75.2,68.6,63.7,64.9,70.9
Nutrien Ltd. (TSX:NTR),NTR,0.0,0.0,0.0,0.0,0.0,0.0,0.0,0.0,0.0,0.0,0.0,0.0,0.0,0.0,0.0,0.0,0.0,0.0,0.0,0.0,0.0,0.0,0.0,0.0,0.0,0.0,0.0,0.0,0.0,0.0,0.0,0.0,0.0,0.0,0.0,0.0,0.0,0.0,0.0,0.0,0.0,0.0,0.0,0.0,0.0,0.0,0.0,0.0,0.0,0.0,0.0,0.0,0.0,0.0,0.0,0.0,0.0,0.0,0.0,0.0,0.0,0.0,0.0,0.0,0.0,0.0,0.0,0.0,0.0,0.0,0.0,0.0,0.0,0.0,0.0,0.0,0.0,0.0,0.0,0.0,0.0,0.0,0.0,0.0,0.0,0.0,0.0,0.0,0.0,0.0,0.0,0.0,0.0,0.0,0.0,0.0,0.0,0.0,0.0,0.0,0.0,0.0,0.0,0.0,0.0,0.0,0.0,0.0,0.0,0.0,0.0,0.0,0.0,0.0,0.0,0.0,0.0,0.0,0.0,0.0,0.0,0.0,0.0,0.0,0.0,0.0,0.0,0.0,0.0,0.0,0.0,0.0,0.0,0.0,0.0,0.0,0.0,0.0,0.0,0.0,0.0,0.0,0.0,0.0,0.0,0.0,0.0,0.0,0.0,0.0,0.0,0.0,0.0,0.0,0.0,0.0,0.0,0.0,0.0,0.0,0.0,0.0,0.0,0.0,0.0,0.0,0.0,0.0,0.0,0.0,0.0,0.0,0.0,0.0,0.0,0.0,0.0,0.0,0.0,0.0,0.0,0.0,0.0,0.0,0.0,0.0,0.0,0.0,0.0,0.0,0.0,0.0,0.0,0.0,0.0,0.0,0.0,0.0,0.0,0.0,0.0,0.0,0.0,0.0,0.0,0.0,0.0,0.0,0.0,0.0,0.0,0.0,0.0,0.0,0.0,0.0,53.7,49.4,48.7,46.8,48.4,52.3,53.3,55.0,56.4,55.9,53.2,49.3,48.5,52.7,53.4,53.1,51.5,51.5,52.4,50.9,50.4,49.6,48.3,47.5,47.1,43.2,35.3,33.0,34.2,35.2,33.4,36.0,38.8,40.3,42.6,47.9,50.7,53.8,56.1,55.1,58.2,61.8,59.9,60.1,62.0,68.1,69.1,69.9,71.7,74.0,92.4,105.1,99.5,87.4,78.1,91.0,88.8,82.9,78.8,75.8,76.6,79.2,76.0,71.8,62.1,58.3,62.6,63.9,63.0,59.1,55.3,55.2
Open Text Corporation (OTEX),OTEX,2.35,3.55,5.34,3.62,2.81,2.93,2.66,2.83,3.05,2.48,2.82,2.81,3.16,4.02,3.09,2.5,3.0,2.98,2.9,2.94,2.77,2.82,3.36,3.67,3.59,3.25,3.23,2.9,2.84,2.64,2.32,2.6,2.79,2.53,3.05,3.18,3.15,3.41,3.48,3.63,3.81,3.83,3.57,3.68,4.48,4.81,4.82,4.75,5.55,6.9,7.32,7.43,6.7,6.99,6.89,5.82,4.82,4.14,4.37,4.54,4.91,4.94,4.6,4.11,3.84,3.89,3.36,3.03,3.12,3.41,3.66,3.74,3.8,4.19,4.24,4.14,3.95,3.52,3.46,3.6,4.15,4.47,4.72,4.98,4.89,5.2,5.53,5.64,5.81,5.55,5.37,4.81,5.91,6.94,7.99,8.01,7.52,7.92,7.85,8.19,8.96,8.59,7.8,8.15,8.48,7.4,6.68,6.93,7.69,8.36,8.09,8.55,8.16,8.66,9.08,9.42,9.2,9.7,9.56,9.57,10.1,10.9,12.0,11.9,11.2,10.2,9.83,10.1,11.2,11.7,11.1,11.2,11.8,13.4,14.4,15.4,15.7,15.5,16.4,15.1,13.9,13.2,14.2,13.4,12.7,14.4,15.0,14.8,13.1,12.0,12.0,12.6,13.8,13.6,13.4,14.0,14.4,14.4,14.3,14.4,16.3,17.5,17.5,17.2,17.8,18.8,20.3,21.9,23.0,24.7,24.8,23.5,23.9,23.8,23.9,26.7,28.3,27.4,28.3,29.1,28.8,29.2,28.5,27.8,25.0,21.4,19.8,21.6,22.6,23.0,23.3,24.0,23.6,23.8,24.8,26.5,27.8,29.4,30.0,31.1,32.0,32.2,31.1,30.9,31.6,33.3,33.7,33.9,33.5,32.2,32.3,32.8,32.0,33.0,33.7,33.0,33.7,34.8,35.3,34.9,35.1,35.2,36.6,38.5,38.6,35.9,33.5,33.2,33.6,36.7,37.9,38.3,39.5,40.8,42.2,40.0,40.1,40.4,41.8,43.4,45.2,46.2,39.1,35.3,38.7,42.0,43.3,44.7,43.5,41.4,40.9,44.7,45.7,46.8,46.9,48.6,47.0,48.7,50.9,52.4,52.9,49.9,50.7,48.2,46.7,45.2,42.8,42.2,38.3,39.0,39.3,38.5,28.9,27.3,28.8,28.8,32.2,34.7,36.1,38.3,40.3,41.5,41.4,38.5,37.8,34.2,37.4,40.9
Pembina Pipeline Corporation (TSX:PPL),PPL,4.55,4.32,4.34,4.51,4.63,4.98,5.27,5.33,5.47,5.25,5.24,5.43,5.75,5.91,5.83,5.85,6.08,6.35,6.25,6.36,6.32,6.4,6.52,6.78,7.07,6.98,7.17,7.2,7.28,7.46,7.42,7.24,7.36,7.29,7.12,6.95,7.12,7.32,7.38,7.45,8.14,8.67,8.76,8.65,8.82,9.17,9.46,9.77,10.1,9.98,10.0,9.53,8.51,8.33,8.81,8.94,9.23,10.0,10.8,11.0,11.0,11.3,11.5,11.0,11.0,11.2,11.6,12.1,12.9,12.4,12.1,13.5,13.9,14.7,15.5,15.3,14.8,14.3,14.2,14.7,15.3,15.6,13.8,13.4,13.5,13.8,13.9,13.9,14.7,15.0,15.4,15.9,16.0,17.4,17.9,17.1,16.9,16.9,16.9,16.4,17.5,17.9,17.1,16.8,16.4,14.0,12.7,11.7,12.1,11.4,10.8,11.3,11.9,13.0,13.1,13.9,14.1,14.6,15.2,16.0,16.8,16.9,17.1,17.5,17.4,16.8,17.5,18.2,18.7,20.7,21.2,21.3,21.9,22.2,22.4,23.5,24.2,25.0,26.2,26.1,25.3,25.0,27.1,28.9,28.2,27.9,28.2,29.0,29.7,26.7,26.1,27.1,27.8,28.1,27.8,28.3,29.2,29.0,29.7,31.1,32.7,31.9,31.2,31.2,31.4,32.5,32.7,32.9,34.4,35.1,36.0,37.7,39.8,41.1,42.5,43.4,45.8,42.0,39.5,35.4,33.5,31.8,32.1,33.3,34.2,32.8,31.5,28.3,26.0,25.9,24.4,22.5,20.9,22.3,25.2,27.5,29.1,30.0,30.0,30.0,30.3,30.6,29.6,30.1,31.6,31.7,32.1,32.3,32.1,32.5,33.4,33.0,33.3,34.1,34.3,35.0,35.4,33.3,31.9,31.5,33.4,34.4,34.8,35.3,34.0,34.1,33.6,32.5,32.2,35.4,36.8,37.1,36.1,36.3,37.4,36.8,36.9,36.2,35.6,35.8,37.7,38.9,28.3,18.8,22.8,25.6,24.7,25.6,24.1,21.8,22.8,25.4,26.1,27.4,28.4,29.4,31.2,32.4,32.0,31.7,31.0,32.7,33.0,30.4,30.8,32.4,35.5,38.3,38.7,38.1,35.9,37.1,34.2,31.8,34.5,34.2,35.2,34.3,32.1,33.0,31.6,31.2,31.1,30.8,30.7,30.1,32.2,33.6
Power Corporation of Canada (TSX:POW),POW,8.07,7.38,7.22,8.19,9.02,10.0,10.3,10.2,10.8,10.7,10.8,11.5,11.5,11.7,11.4,11.1,11.4,11.3,11.5,11.8,11.5,11.1,11.2,11.9,11.9,11.9,12.4,12.6,13.1,13.6,12.8,12.3,11.9,11.3,11.4,11.5,11.9,12.3,12.3,12.9,14.4,15.7,15.3,15.0,15.3,16.0,16.6,17.4,18.5,19.3,19.7,20.4,19.6,19.2,20.2,21.1,21.8,22.6,24.2,24.4,24.3,25.1,25.8,24.9,25.0,24.9,25.9,27.0,27.0,26.2,25.6,26.5,27.2,27.6,27.7,28.5,27.9,26.5,26.7,27.6,28.6,29.2,30.8,31.0,29.9,31.8,32.5,32.8,35.4,37.3,37.9,37.3,38.5,40.4,40.2,39.8,37.7,35.1,32.8,33.3,33.9,32.8,30.3,30.2,30.4,25.8,21.2,17.6,17.5,16.3,14.3,16.8,20.3,22.6,23.1,26.0,26.2,26.9,25.2,25.5,27.2,27.0,29.2,29.6,27.0,25.6,25.5,25.4,25.7,26.6,27.5,27.2,27.5,28.3,29.1,29.5,29.2,27.1,27.2,24.6,22.7,22.9,23.2,21.8,23.4,25.0,26.1,26.9,25.4,22.6,23.0,23.5,24.3,24.4,24.4,25.0,26.3,26.6,26.6,25.9,26.9,27.3,27.7,28.7,28.1,28.2,29.7,30.0,29.0,27.7,27.2,27.4,27.8,27.3,28.4,29.2,29.0,27.0,26.9,27.4,25.8,25.7,26.6,27.1,27.2,26.4,25.2,23.0,21.2,21.7,22.8,22.4,20.2,20.4,21.9,23.4,23.2,22.3,21.6,21.3,21.1,21.4,21.7,22.5,22.9,23.6,23.9,23.4,22.4,21.8,23.2,24.3,24.8,25.6,25.8,25.5,25.7,24.7,23.2,23.0,23.4,23.1,22.5,22.5,22.0,21.4,20.5,19.1,18.7,20.1,22.0,23.4,22.3,21.2,21.5,20.9,21.6,22.9,23.9,24.6,25.7,25.4,19.7,14.9,15.1,17.3,17.7,19.0,19.9,20.0,21.1,22.9,23.5,24.2,25.4,27.1,30.6,32.6,31.2,32.9,33.8,33.6,33.8,33.1,33.1,32.5,30.9,30.6,27.8,27.1,26.1,27.1,25.2,23.4,24.7,24.3,25.8,26.7,26.0,26.1,26.5,26.4,27.9,27.8,27.4,24.8,26.0,28.0
Restaurant Brands International Inc. (NYSE:QSR),QSR,0.0,0.0,0.0,0.0,0.0,0.0,0.0,0.0,0.0,0.0,0.0,0.0,0.0,0.0,0.0,0.0,0.0,0.0,0.0,0.0,0.0,0.0,0.0,0.0,0.0,0.0,0.0,0.0,0.0,0.0,0.0,0.0,0.0,0.0,0.0,0.0,0.0,0.0,0.0,0.0,0.0,0.0,0.0,0.0,0.0,0.0,0.0,0.0,0.0,0.0,0.0,0.0,0.0,0.0,0.0,0.0,0.0,0.0,0.0,0.0,0.0,0.0,0.0,0.0,0.0,0.0,0.0,0.0,0.0,0.0,0.0,0.0,0.0,0.0,0.0,0.0,0.0,0.0,0.0,0.0,0.0,0.0,0.0,0.0,0.0,0.0,0.0,0.0,0.0,0.0,0.0,0.0,0.0,0.0,0.0,0.0,0.0,0.0,0.0,0.0,0.0,0.0,0.0,0.0,0.0,0.0,0.0,0.0,0.0,0.0,0.0,0.0,0.0,0.0,0.0,0.0,0.0,0.0,0.0,0.0,0.0,0.0,0.0,0.0,0.0,0.0,0.0,0.0,0.0,0.0,0.0,0.0,0.0,0.0,0.0,0.0,0.0,0.0,0.0,0.0,0.0,0.0,0.0,0.0,0.0,0.0,0.0,0.0,0.0,0.0,0.0,0.0,0.0,0.0,0.0,0.0,0.0,0.0,0.0,0.0,0.0,0.0,0.0,0.0,0.0,0.0,0.0,0.0,0.0,0.0,0.0,0.0,0.0,0.0,0.0,0.0,0.0,0.0,0.0,37.9,39.0,39.8,40.8,39.4,40.5,38.7,39.4,41.4,38.0,37.0,37.3,36.3,34.6,33.0,36.5,39.8,41.7,41.9,42.6,46.2,46.4,44.6,45.4,47.9,48.6,51.5,54.8,55.9,58.3,60.5,61.6,60.8,62.7,65.4,65.7,62.6,61.8,59.5,58.0,56.1,55.6,59.3,61.9,62.2,58.7,57.8,55.8,54.4,55.5,62.4,63.4,65.4,66.8,67.8,71.2,75.2,74.3,70.3,66.5,65.6,64.0,63.9,50.7,40.8,50.2,55.4,55.7,55.6,55.6,56.9,56.6,60.1,61.1,60.2,63.2,66.1,67.9,67.7,64.6,64.5,63.6,61.0,58.4,58.1,57.8,56.4,56.8,58.6,51.7,50.0,51.9,59.0,58.3,55.1,62.7,66.0,66.1,66.9,62.6,67.9,72.5,75.5,76.8,71.5,67.8,64.6,69.3,74.0
Rogers Communications Inc. (TSX:RCI.B),RCI.B,13.9,15.5,15.5,13.7,12.7,14.0,14.0,12.5,12.2,10.2,8.91,8.16,9.15,8.64,7.47,6.68,6.88,7.7,8.1,7.77,6.77,6.68,7.77,8.16,8.22,7.44,7.44,6.58,6.32,5.24,3.98,3.87,3.79,3.44,4.36,4.93,4.92,4.57,4.79,6.01,6.97,7.73,7.93,7.48,7.77,7.45,7.96,8.03,9.36,9.71,9.17,9.2,8.77,9.27,9.09,8.95,9.45,10.8,12.1,11.9,13.1,13.8,13.8,13.8,14.8,15.9,17.3,18.5,19.8,20.2,19.5,19.8,21.3,20.5,19.9,19.7,20.2,20.3,20.6,24.2,26.2,27.1,29.9,29.7,31.5,32.3,32.3,36.1,39.9,42.4,46.7,43.8,45.0,48.6,47.4,43.3,39.9,38.7,36.7,40.7,44.4,40.4,38.0,34.2,34.0,28.1,28.1,27.4,27.7,26.4,22.6,23.1,26.7,27.6,26.7,27.3,27.9,27.3,30.6,30.4,30.7,32.0,34.1,34.4,34.9,35.4,34.4,35.4,36.8,38.7,36.2,34.6,35.3,35.2,35.0,36.3,37.4,37.4,39.6,37.2,37.0,35.1,36.2,36.9,38.4,38.2,38.7,39.4,36.0,35.0,37.4,40.3,40.8,41.8,43.4,45.1,45.9,46.7,48.8,50.2,48.1,43.8,39.9,39.6,42.6,44.0,44.8,44.6,43.4,39.9,39.3,40.3,41.0,40.3,39.5,39.6,40.0,37.9,38.8,39.0,38.0,36.2,34.5,34.7,35.4,34.4,34.7,34.5,33.9,37.6,39.1,36.2,34.2,35.3,38.3,38.9,38.4,39.1,41.9,44.2,42.5,41.1,38.8,38.7,39.7,43.2,42.2,45.3,45.9,47.1,49.6,51.3,52.2,52.7,52.9,50.8,49.9,46.3,44.9,46.0,47.7,47.2,49.5,52.1,51.8,51.1,52.2,52.5,53.5,54.6,53.6,52.4,51.6,52.8,53.7,50.9,50.1,48.4,47.6,48.5,49.9,49.4,41.6,42.2,40.6,42.2,40.6,42.0,40.6,41.0,45.0,46.9,47.6,45.1,47.6,48.4,50.6,52.0,52.6,50.5,48.1,47.4,47.5,45.7,49.1,51.7,53.5,57.8,51.1,48.4,46.7,45.0,41.4,38.9,43.5,45.1,48.2,48.5,45.8,48.2,48.3,44.2,44.9,41.0,40.3,38.0,41.5,45.0
Royal Bank of Canada (TSX:RY),RY,10.5,10.2,10.7,12.0,12.4,13.1,13.1,13.9,15.0,14.9,15.3,15.6,16.6,16.2,15.3,14.7,14.9,16.0,16.2,16.7,15.8,14.9,15.0,15.7,15.9,15.2,16.0,17.0,17.8,18.2,16.8,16.8,17.1,16.8,18.1,18.6,18.6,18.5,19.3,19.9,21.3,21.8,21.3,21.3,21.8,23.1,24.4,23.7,23.8,24.1,23.6,23.5,22.1,21.8,22.5,23.3,23.3,24.2,26.1,26.1,25.8,26.4,29.2,29.9,30.1,30.1,31.2,32.0,34.0,35.5,36.1,37.9,38.9,39.7,42.2,42.3,42.0,40.6,40.8,42.5,44.2,43.9,45.9,47.4,46.7,46.6,48.3,51.1,53.5,53.6,53.5,51.8,52.0,55.3,54.2,51.5,49.3,49.9,48.1,46.8,48.8,48.8,44.6,44.4,45.5,42.1,36.2,30.1,27.9,24.3,25.6,31.8,36.6,40.0,42.0,46.8,51.1,53.0,53.2,53.4,52.6,51.8,56.4,59.8,58.8,52.8,51.2,50.3,50.5,53.4,53.9,52.7,52.7,55.4,59.8,62.2,61.5,57.1,55.8,52.6,48.4,46.7,45.3,46.3,50.7,53.6,57.0,57.7,54.5,49.8,51.1,52.4,56.4,58.0,57.2,59.1,61.4,62.4,61.2,59.7,60.5,59.3,59.7,62.2,63.1,65.3,67.3,66.3,65.5,64.1,65.0,65.9,67.2,69.0,72.4,73.6,74.0,71.7,71.9,70.7,65.1,60.9,60.9,63.2,65.6,63.8,60.5,57.5,54.9,56.0,57.0,55.5,50.5,49.4,53.9,59.0,60.4,60.7,60.4,61.6,62.2,62.2,63.8,67.1,69.9,72.9,73.3,71.8,69.1,70.2,73.3,74.3,75.1,78.1,79.1,79.6,83.3,82.5,78.7,76.9,76.9,76.2,76.3,78.1,79.6,77.8,72.7,70.9,71.5,76.1,77.1,77.8,78.5,77.8,79.7,76.7,77.3,80.6,81.7,80.4,80.0,80.4,68.9,59.5,61.0,66.7,68.9,72.4,73.7,72.0,75.7,81.7,83.2,84.5,89.9,93.3,98.1,103.0,101.3,102.4,102.1,102.9,105.5,102.5,110.0,113.8,110.4,109.0,99.6,100.0,96.0,98.1,94.1,90.2,97.3,95.9,99.1,102.5,96.3,98.2,95.0,93.3,97.1,92.8,89.5,82.8,85.5,94.1
Saputo Inc. (TSX:SAP),SAP,2.83,2.81,2.65,2.57,2.5,2.7,2.7,2.88,3.24,3.04,2.74,2.7,3.06,3.05,2.83,2.8,2.75,2.93,3.18,3.43,3.47,3.48,3.58,3.96,4.23,4.45,4.76,5.04,5.3,5.24,4.75,4.33,4.2,4.21,3.94,3.7,3.85,3.89,3.83,3.93,4.4,4.81,4.85,4.97,4.98,4.98,5.2,5.42,5.86,5.72,5.78,6.12,5.86,5.89,6.0,6.04,6.22,6.58,6.98,7.27,7.25,7.35,7.57,7.36,7.13,7.44,7.75,7.72,7.74,7.81,7.41,7.47,7.34,7.31,7.24,7.25,7.57,7.75,7.78,7.88,8.25,8.12,8.16,8.13,7.98,8.46,9.39,9.81,9.82,10.1,11.1,11.8,12.5,13.8,14.1,14.3,14.1,13.4,13.4,13.8,13.3,13.7,13.4,13.0,12.8,11.2,9.74,8.92,8.37,8.21,8.33,8.74,9.33,9.95,10.5,11.8,12.2,12.1,13.2,14.2,14.2,14.0,14.4,14.4,13.9,14.1,15.1,15.7,16.6,17.5,18.3,18.6,20.1,20.6,21.4,22.6,23.6,23.6,23.9,21.7,19.5,20.2,19.8,18.8,19.1,20.3,21.1,22.1,22.2,20.5,21.0,21.7,21.4,21.7,22.1,24.0,25.2,24.9,24.6,24.6,25.2,24.1,23.1,23.0,22.9,24.2,23.9,22.8,23.1,24.0,24.9,25.3,26.6,28.0,30.1,30.6,29.9,28.7,28.4,29.3,29.0,28.8,28.4,28.6,28.9,26.4,23.8,23.2,22.5,23.3,24.1,24.0,23.3,25.6,29.5,31.2,31.5,30.2,29.7,31.9,33.8,34.9,34.9,34.6,35.6,35.5,34.4,34.0,32.8,32.1,32.2,33.9,34.6,35.0,34.9,34.7,34.9,33.1,31.8,32.1,33.0,33.4,33.4,32.3,30.3,30.2,29.9,30.1,29.4,30.5,33.0,34.0,33.9,31.5,30.1,30.6,30.5,29.8,29.7,30.3,30.6,30.7,26.2,24.1,24.7,24.2,24.1,25.6,25.2,25.7,26.0,27.8,28.1,28.4,29.6,31.0,32.5,31.5,29.3,28.5,27.1,25.2,24.4,22.8,22.4,22.9,24.2,23.8,20.2,21.1,23.5,26.0,25.4,23.4,25.1,24.8,26.3,27.0,25.5,26.0,26.1,23.8,21.4,20.8,21.3,20.2,20.0,19.6
Shopify Inc. (NYSE:SHOP),SHOP,0.0,0.0,0.0,0.0,0.0,0.0,0.0,0.0,0.0,0.0,0.0,0.0,0.0,0.0,0.0,0.0,0.0,0.0,0.0,0.0,0.0,0.0,0.0,0.0,0.0,0.0,0.0,0.0,0.0,0.0,0.0,0.0,0.0,0.0,0.0,0.0,0.0,0.0,0.0,0.0,0.0,0.0,0.0,0.0,0.0,0.0,0.0,0.0,0.0,0.0,0.0,0.0,0.0,0.0,0.0,0.0,0.0,0.0,0.0,0.0,0.0,0.0,0.0,0.0,0.0,0.0,0.0,0.0,0.0,0.0,0.0,0.0,0.0,0.0,0.0,0.0,0.0,0.0,0.0,0.0,0.0,0.0,0.0,0.0,0.0,0.0,0.0,0.0,0.0,0.0,0.0,0.0,0.0,0.0,0.0,0.0,0.0,0.0,0.0,0.0,0.0,0.0,0.0,0.0,0.0,0.0,0.0,0.0,0.0,0.0,0.0,0.0,0.0,0.0,0.0,0.0,0.0,0.0,0.0,0.0,0.0,0.0,0.0,0.0,0.0,0.0,0.0,0.0,0.0,0.0,0.0,0.0,0.0,0.0,0.0,0.0,0.0,0.0,0.0,0.0,0.0,0.0,0.0,0.0,0.0,0.0,0.0,0.0,0.0,0.0,0.0,0.0,0.0,0.0,0.0,0.0,0.0,0.0,0.0,0.0,0.0,0.0,0.0,0.0,0.0,0.0,0.0,0.0,0.0,0.0,0.0,0.0,0.0,0.0,0.0,0.0,0.0,0.0,0.0,0.0,0.0,0.0,0.0,0.0,2.76,3.21,3.17,3.3,3.01,3.39,2.89,2.56,2.31,2.13,2.61,3.05,2.75,2.94,3.22,3.91,4.24,4.29,4.15,4.16,4.86,5.67,6.48,7.17,8.87,9.14,9.09,9.74,11.7,10.1,10.3,10.2,11.5,13.0,14.2,12.2,14.1,16.0,16.4,14.1,15.4,13.9,14.2,14.2,15.0,17.7,19.9,21.2,26.5,30.1,32.2,36.4,34.0,32.0,31.3,38.0,44.0,49.5,41.6,50.8,73.5,81.3,98.3,103.4,96.0,105.4,96.0,112.2,115.7,134.4,114.3,117.4,115.4,135.1,151.3,151.2,147.4,140.2,157.9,141.3,107.3,80.1,64.1,56.8,37.7,35.1,34.1,37.2,31.0,28.8,35.8,37.5,40.1,47.3,43.6,47.1,58.8,62.5,65.4,57.2,59.8,52.0,64.6,74.9
Sun Life Financial Inc. (TSX:SLF),SLF,0.0,0.0,9.31,10.7,12.6,15.4,17.0,17.9,20.2,20.3,21.3,22.6,23.3,22.6,19.9,19.0,21.1,22.7,23.7,24.5,21.9,20.2,21.5,22.3,20.8,20.4,21.1,21.7,22.1,22.4,20.4,18.1,17.4,16.9,17.9,17.8,18.2,18.1,18.8,19.8,20.2,20.7,20.7,21.5,22.2,23.4,24.5,24.4,25.7,27.1,26.5,27.0,26.6,27.5,28.1,27.5,28.2,29.7,31.5,32.8,32.6,32.7,32.3,31.3,31.1,32.3,34.8,36.4,36.9,36.6,38.0,39.9,40.5,42.0,43.1,42.9,41.7,40.3,39.3,39.1,40.8,40.7,42.1,43.0,42.2,43.7,44.3,46.1,46.8,46.7,48.0,48.2,49.6,52.7,54.5,53.8,51.8,48.2,46.5,46.8,47.3,44.8,41.8,38.7,37.0,29.8,22.1,19.9,21.8,18.7,15.9,20.6,23.9,26.5,27.9,30.9,29.2,29.6,27.7,27.6,30.2,29.6,30.4,31.7,29.3,28.6,27.3,25.6,25.4,26.6,28.2,29.0,30.7,32.6,32.1,31.5,31.4,29.8,29.1,26.9,25.4,24.3,21.5,18.3,19.3,20.9,22.3,24.0,22.9,21.0,21.5,22.1,23.6,24.2,25.7,27.1,27.9,28.9,27.8,27.0,28.4,29.3,30.8,32.1,31.7,32.4,34.6,34.8,34.5,34.2,34.9,33.9,34.0,35.0,37.2,37.6,37.6,35.7,35.8,36.6,33.7,31.7,31.4,31.8,32.8,33.5,33.2,32.7,31.7,33.2,33.5,32.3,29.0,28.1,30.6,32.7,33.8,34.0,32.7,32.5,31.8,32.7,35.9,38.9,39.2,38.8,36.8,35.9,34.6,33.7,36.1,38.2,38.7,39.5,39.3,40.3,42.1,42.6,42.0,41.1,41.7,41.5,40.5,40.2,39.7,38.6,36.8,34.9,34.4,36.5,38.0,39.5,40.5,40.1,41.6,40.6,42.3,44.2,45.6,45.3,46.9,48.1,38.6,31.0,33.2,36.1,37.5,41.2,41.7,41.1,43.3,44.6,46.0,48.2,50.4,51.8,53.6,52.7,50.9,51.7,51.4,54.0,56.4,54.4,55.6,55.5,53.7,54.5,48.8,47.1,44.9,46.9,43.0,41.0,45.1,46.4,48.1,50.0,46.5,47.8,48.8,50.5,51.8,49.4,49.4,47.4,49.1,51.2
Suncor Energy Inc. (TSX:SU),SU,5.4,5.22,4.89,5.25,5.67,5.8,5.67,5.45,5.8,5.59,5.18,5.63,5.83,5.97,6.47,6.64,6.95,6.76,6.51,6.74,6.98,7.27,7.32,7.43,7.65,7.64,8.57,8.89,8.81,8.63,8.37,8.46,8.63,8.02,7.48,7.72,8.09,8.59,8.69,8.35,8.67,9.37,9.29,9.32,9.45,9.7,10.6,11.4,12.7,12.9,13.3,13.2,12.3,12.4,13.2,13.9,14.5,16.4,16.9,16.7,16.8,17.6,19.4,19.3,18.8,21.2,24.4,26.7,29.2,27.6,27.2,30.3,33.7,37.6,37.5,40.4,42.1,38.0,38.9,40.5,36.8,35.6,38.5,39.2,37.6,36.8,35.8,38.7,41.6,44.2,45.8,44.6,45.6,49.3,52.2,51.1,50.3,47.5,50.8,52.7,62.5,66.2,57.7,54.0,49.3,31.4,20.9,19.3,20.7,19.4,21.9,24.5,28.8,32.4,29.7,32.4,33.2,35.8,35.4,35.6,35.2,31.4,30.4,33.3,32.0,31.4,31.7,32.0,31.8,32.9,33.8,35.5,37.9,41.6,45.0,44.7,42.6,39.6,39.5,34.7,29.4,28.5,30.7,28.8,30.8,34.7,34.3,32.0,29.9,27.8,29.1,31.4,32.8,33.5,33.3,32.8,33.7,32.8,30.6,29.1,30.4,30.5,30.6,32.8,35.0,35.9,35.5,34.6,34.2,33.1,33.1,35.4,38.5,40.4,42.2,40.4,39.2,35.2,34.4,32.0,30.3,30.5,29.4,31.0,31.2,28.7,27.0,27.1,26.3,27.4,28.6,26.8,23.6,22.6,25.6,28.0,27.5,27.1,27.4,27.5,27.1,28.0,30.2,32.1,32.6,31.7,31.1,30.8,31.2,30.4,29.7,31.7,32.9,34.1,34.8,34.9,36.8,35.2,32.9,37.1,39.3,39.9,40.6,41.0,39.7,37.4,33.6,31.0,29.9,32.8,33.5,33.1,32.3,31.1,31.3,28.9,30.0,30.6,31.3,31.8,33.0,30.4,17.0,16.0,16.9,18.0,16.9,16.7,14.6,12.3,13.7,17.0,17.7,18.3,21.8,20.9,22.5,24.3,22.6,19.5,19.0,22.1,25.2,24.6,26.3,29.3,31.7,33.3,37.3,38.3,32.1,32.5,30.4,32.1,35.5,30.8,32.3,33.7,31.8,31.5,29.0,29.4,29.5,31.9,34.5,33.4,33.0,31.7
TC Energy Corporation (TSX:TRP),TRP,8.22,7.32,7.46,7.52,7.25,7.83,7.82,8.6,9.4,9.18,9.53,10.3,10.8,11.1,11.9,11.9,11.9,12.2,12.4,12.6,12.8,12.9,12.7,12.5,12.3,12.9,13.7,14.0,14.8,15.1,14.7,14.3,14.5,14.4,14.6,14.5,14.7,14.8,14.7,15.0,16.4,18.1,18.1,18.0,18.3,19.1,20.6,21.3,21.2,20.6,21.2,21.2,20.0,19.6,19.7,20.4,21.4,22.1,23.1,24.2,24.5,24.3,24.6,24.2,24.1,25.1,26.8,27.1,28.7,30.3,30.2,31.4,31.2,30.5,30.1,29.5,29.4,29.2,29.0,30.8,31.7,31.3,32.9,34.5,33.9,32.8,32.9,33.9,35.8,35.4,35.5,35.4,35.1,37.8,40.5,39.5,39.1,39.0,39.5,36.8,37.8,39.1,38.0,37.8,36.4,31.6,28.2,26.6,27.3,26.3,24.4,24.6,26.2,28.7,27.3,28.8,30.0,31.3,31.1,32.6,33.8,32.8,34.9,37.0,35.0,34.3,35.0,35.2,36.4,37.4,36.6,36.7,37.5,38.0,39.4,41.1,42.8,43.3,42.6,41.5,41.9,41.5,41.1,41.4,42.2,41.9,43.5,43.4,42.8,41.2,42.5,45.2,45.9,45.3,45.0,46.1,48.2,47.8,47.3,48.0,48.5,45.8,44.6,44.8,43.9,44.0,44.9,44.6,44.5,44.0,44.7,45.9,46.6,46.8,49.1,51.1,53.6,50.2,49.3,48.2,46.1,45.1,43.9,44.8,45.3,42.7,40.2,36.6,33.3,33.7,33.0,32.4,32.1,34.5,36.8,39.0,40.6,42.8,45.6,46.7,46.9,46.8,45.0,45.3,46.4,47.3,46.3,46.7,46.7,47.2,49.0,50.4,50.5,49.5,48.8,48.8,48.2,45.3,43.3,41.9,42.9,42.2,43.4,44.3,42.6,40.5,39.4,39.6,39.5,42.6,44.8,46.2,47.7,49.2,49.9,49.0,50.4,51.3,50.9,51.4,53.4,55.3,47.7,43.3,45.0,44.2,43.6,47.3,46.4,43.0,42.0,43.8,42.7,43.7,45.3,47.2,49.6,51.6,49.8,48.0,48.1,51.2,51.4,46.9,48.5,51.5,54.6,56.9,55.6,54.7,52.3,50.3,46.4,42.0,46.6,41.7,41.9,41.5,39.1,41.0,40.8,40.6,38.6,35.9,36.3,34.2,36.4,38.4
Teck Resources Limited (TSX:TECK.B),TECK.B,4.8,4.41,3.7,3.63,3.69,3.48,3.27,3.2,3.6,3.46,3.59,4.05,4.36,4.5,4.69,4.98,5.23,4.9,4.18,3.9,3.74,3.35,3.43,3.7,4.09,4.28,4.56,4.64,4.52,4.5,4.2,3.57,3.4,3.4,3.56,3.58,3.87,3.99,3.85,3.72,3.71,4.0,4.2,4.54,5.06,5.8,6.37,7.18,8.12,8.53,9.15,8.72,7.91,8.51,8.96,9.2,10.1,11.1,13.1,14.5,14.6,16.5,18.3,17.4,15.9,16.6,18.3,19.5,20.9,21.5,21.6,24.1,27.5,30.5,31.4,34.4,33.7,29.1,29.7,33.7,32.6,32.8,36.6,37.7,35.9,36.2,34.9,36.3,39.8,42.9,46.0,43.0,43.1,48.6,44.3,36.9,33.5,34.3,39.6,43.9,47.7,48.5,43.4,40.1,36.2,21.0,7.91,4.18,4.99,3.96,3.89,7.41,12.3,16.0,18.4,25.1,26.0,29.6,32.4,35.5,37.8,36.2,39.4,42.8,37.1,33.1,33.1,33.8,36.5,42.5,47.1,53.6,60.5,59.4,54.0,54.5,51.3,48.3,50.3,45.3,38.5,33.9,36.2,34.9,37.8,41.1,37.4,36.2,33.9,30.7,30.4,29.1,29.9,30.9,32.3,34.2,36.9,34.7,30.1,27.1,27.0,24.8,22.1,25.1,27.0,27.4,26.6,24.4,24.8,24.1,21.8,22.0,22.7,22.3,23.4,23.4,21.6,17.6,16.0,14.5,12.8,14.1,14.8,14.1,13.8,11.6,9.32,7.08,6.15,5.97,5.32,3.93,3.45,4.47,7.01,8.84,10.2,11.0,13.4,15.4,17.2,18.9,22.5,23.3,22.5,23.5,20.9,22.0,19.6,17.3,18.1,22.2,23.1,22.1,21.9,23.6,27.6,29.0,27.6,26.1,26.6,27.2,25.2,24.2,23.3,23.4,20.8,21.2,22.0,22.9,22.5,23.7,22.1,21.4,22.2,18.6,17.3,16.4,16.3,16.2,16.2,13.3,9.4,7.54,8.62,10.3,10.7,11.3,12.7,13.8,14.3,16.9,19.1,20.2,21.2,20.6,23.4,23.2,22.1,21.7,23.6,26.6,27.6,27.0,30.6,34.2,38.4,40.1,39.5,38.9,27.4,33.1,32.2,32.9,33.2,37.3,40.5,42.0,37.1,44.5,42.5,41.7,42.0,40.6,41.8,39.3,36.0,39.2
TELUS Corporation (TSX:T),T,6.3,6.75,7.03,6.94,6.63,6.97,7.26,7.18,6.8,6.55,6.34,6.6,6.77,6.6,5.83,5.62,5.55,5.51,4.88,4.03,3.36,3.31,3.96,3.95,3.62,3.23,3.02,2.71,2.31,2.1,1.62,1.43,1.8,1.77,2.45,2.76,2.97,2.83,2.78,3.09,3.78,4.29,4.33,4.63,4.66,4.55,4.74,4.91,5.19,4.96,4.6,4.36,4.31,4.13,4.32,4.91,5.16,5.78,6.76,6.99,7.39,7.47,7.97,7.7,8.17,8.74,8.86,9.37,9.99,9.97,9.74,9.8,10.0,9.65,10.2,10.1,10.3,10.2,10.2,11.7,13.4,13.9,12.6,11.9,11.6,12.2,12.3,13.6,14.3,15.0,15.1,13.0,13.7,14.6,13.3,11.6,11.2,10.9,10.9,11.3,11.8,11.1,9.91,9.41,9.38,8.34,8.04,7.1,7.21,6.73,6.58,6.53,6.7,7.06,6.81,7.61,7.94,7.9,7.98,8.0,8.09,7.9,8.87,9.42,9.37,9.54,9.85,10.2,10.6,11.3,11.3,11.6,11.8,12.3,12.3,12.9,13.4,13.4,14.0,13.3,13.0,13.1,13.1,13.7,13.9,14.2,14.5,14.7,14.7,14.5,15.4,16.1,15.8,15.9,16.1,16.4,16.4,16.7,17.0,17.2,18.0,16.9,15.4,15.2,16.1,16.9,17.6,17.4,17.0,17.1,17.5,17.6,18.1,18.9,18.2,17.7,17.9,17.4,18.3,18.5,17.8,17.5,17.1,17.1,17.3,17.0,17.2,16.8,16.2,16.3,16.0,15.0,13.4,13.9,15.0,15.9,15.7,15.9,16.4,16.7,16.4,16.2,15.8,15.8,16.4,16.6,16.2,16.4,16.7,17.0,17.5,17.9,18.0,18.0,18.6,18.8,18.8,18.4,17.9,17.6,17.8,17.6,17.9,18.3,18.5,17.8,17.5,17.5,17.0,17.7,18.0,18.5,18.4,18.5,18.4,18.0,18.1,18.0,18.4,19.0,19.5,19.9,17.4,15.7,16.3,17.2,17.0,17.9,18.2,17.9,18.3,19.6,20.5,20.8,20.7,20.5,21.4,22.5,22.3,22.4,22.8,22.4,23.0,23.1,23.4,24.3,25.6,26.2,24.5,23.3,22.3,23.1,21.6,20.3,21.4,20.3,20.7,20.7,19.7,20.9,20.3,19.2,18.8,17.3,16.9,16.3,17.4,18.0
The Bank of Nova Scotia (TSX:BNS),BNS,10.4,9.96,9.66,10.5,11.6,12.3,12.2,12.7,13.5,13.9,13.5,13.2,14.2,14.7,13.6,12.9,12.8,14.4,15.0,15.3,15.3,14.5,14.8,15.5,15.3,14.8,15.7,16.8,17.3,17.0,16.0,15.5,14.9,14.4,15.0,15.9,16.9,16.9,17.4,18.1,20.2,22.0,22.4,22.0,22.5,24.1,24.8,24.5,25.4,25.7,26.1,26.8,25.2,25.6,26.9,27.6,28.2,30.1,31.9,32.1,32.7,32.2,33.0,32.2,31.7,32.2,33.6,34.4,35.2,36.2,37.3,39.3,39.8,40.7,41.1,40.5,40.1,39.8,40.2,41.7,42.9,42.8,44.9,45.4,44.2,43.7,44.8,46.9,48.6,49.4,49.1,47.3,49.8,52.5,52.9,51.2,48.1,47.6,46.3,45.7,48.0,49.3,47.3,47.0,45.2,39.7,30.9,26.2,25.2,23.2,22.8,26.5,30.5,35.1,37.5,41.4,42.6,44.3,44.7,46.0,45.0,43.9,47.8,50.7,49.8,47.9,48.5,48.8,50.5,53.2,53.3,54.5,56.5,58.7,60.4,60.4,60.0,59.4,59.2,55.1,52.3,51.0,50.1,48.1,50.6,52.9,54.8,55.7,53.1,50.6,51.5,52.4,54.2,54.8,54.2,56.3,58.4,58.7,58.7,56.9,57.2,55.9,54.7,56.2,56.9,58.3,61.5,61.2,59.4,56.7,57.7,58.8,61.1,64.4,67.2,67.1,65.7,61.7,60.8,58.9,53.6,51.8,51.4,52.0,54.0,53.0,50.6,47.0,44.2,45.5,46.2,43.3,39.0,39.2,44.4,49.3,49.7,50.0,49.8,51.2,53.3,53.4,53.5,55.8,57.8,60.3,59.5,57.8,56.0,57.9,61.0,61.7,62.9,64.3,65.2,64.7,65.4,63.5,62.0,61.2,61.6,59.0,57.4,58.8,58.8,57.0,53.7,53.0,53.0,56.1,54.8,53.8,53.7,52.9,53.7,52.3,54.3,56.8,57.4,56.6,55.8,55.4,46.2,38.3,38.2,41.5,41.4,42.5,42.1,42.0,45.3,51.4,54.0,55.7,60.9,62.5,64.4,66.2,63.4,62.9,62.0,63.4,66.0,66.7,71.1,72.5,72.5,69.7,63.6,63.3,58.1,60.9,53.1,47.7,50.9,49.4,51.1,53.9,49.0,50.3,49.2,49.3,49.6,47.2,47.1,42.6,43.3,45.7
The Toronto0.0Dominion Bank (TSX:TD),TD,12.5,12.4,12.5,12.4,12.0,12.5,12.2,12.6,14.4,14.1,13.4,13.4,14.2,14.2,13.2,12.6,12.8,13.2,12.9,12.8,12.8,11.9,11.9,12.6,13.1,13.1,13.4,13.8,13.1,11.9,10.9,10.7,10.2,9.22,9.81,10.6,11.1,10.9,11.2,11.5,12.4,13.6,13.8,13.6,14.1,15.3,16.3,16.1,16.9,16.8,17.1,17.3,16.3,16.5,16.4,16.7,17.6,18.9,19.9,20.2,20.1,20.0,20.5,20.3,20.2,21.3,22.6,23.0,23.8,24.1,24.3,25.7,26.3,27.1,28.2,27.9,27.9,26.3,25.5,26.7,28.9,28.9,29.2,29.5,29.5,29.7,29.8,30.2,31.5,34.0,34.4,32.9,34.8,36.6,35.3,35.1,33.5,33.2,32.2,31.4,33.4,33.7,30.5,29.4,29.0,26.0,21.4,17.5,17.4,15.5,15.3,18.6,21.0,24.7,26.1,29.0,30.8,31.2,30.9,31.3,30.6,30.5,34.4,37.4,36.1,34.3,34.4,34.6,35.3,36.5,36.5,36.3,37.2,39.2,42.1,43.4,42.9,41.4,41.3,39.1,37.3,36.2,35.5,35.1,37.4,39.3,41.2,42.1,40.4,38.2,38.9,39.9,41.4,41.6,40.7,41.1,41.8,41.5,41.3,40.4,40.4,40.1,40.8,42.2,43.4,44.7,45.9,45.7,45.3,44.3,45.7,46.7,47.9,49.8,51.5,52.1,52.1,48.9,49.5,48.2,44.3,42.7,43.0,44.2,45.8,44.2,41.7,39.8,39.0,40.2,41.0,40.2,37.2,36.9,40.3,43.1,43.7,43.7,43.2,43.8,44.3,44.4,46.0,48.6,50.5,51.9,50.9,49.1,47.3,48.4,50.6,51.2,54.1,56.5,57.4,57.3,58.7,58.6,58.0,56.3,57.2,58.1,57.8,59.3,60.7,58.8,55.2,52.7,51.9,56.2,56.4,55.8,56.0,56.6,58.5,56.4,55.7,56.7,57.7,56.8,56.3,56.1,46.9,40.2,40.7,44.6,44.9,46.7,47.8,46.0,48.4,54.8,57.5,59.1,63.4,66.3,70.0,71.9,68.3,67.0,65.8,68.7,73.4,74.2,78.1,82.2,79.5,77.3,72.3,70.4,63.3,66.3,64.8,62.3,66.0,65.5,65.9,68.5,60.4,60.6,60.3,59.6,63.5,62.7,60.8,58.0,59.9,61.7
Thomson Reuters Corporation (TSX:TRI),TRI,31.5,36.2,38.2,38.5,38.4,39.7,43.3,44.5,45.2,42.5,42.9,42.5,42.3,41.6,39.3,38.6,39.6,39.3,37.7,37.8,33.8,34.0,32.9,34.4,34.6,34.0,36.9,39.1,38.6,35.6,33.0,30.7,29.8,29.2,31.3,30.1,31.9,30.0,30.0,31.6,34.1,36.0,34.7,34.4,35.1,36.0,37.9,39.1,40.4,36.7,35.3,35.7,36.5,37.7,38.0,38.0,38.7,39.4,40.5,39.1,38.9,39.9,38.8,37.1,38.5,38.2,38.8,41.9,43.0,40.9,39.5,39.7,40.5,42.7,43.0,44.5,45.6,45.8,44.0,45.8,45.2,45.8,47.4,48.1,46.9,48.7,47.2,48.5,48.9,47.7,49.0,46.7,47.9,50.3,48.4,44.3,41.8,39.9,40.0,41.0,42.2,39.4,35.2,38.4,35.8,27.4,26.7,30.1,29.0,28.2,28.0,31.0,34.1,34.8,34.4,37.1,38.0,37.6,36.3,36.8,37.7,39.5,41.2,41.8,41.7,42.1,42.5,40.9,42.4,43.8,42.7,42.2,43.9,46.0,44.4,45.7,44.6,42.5,41.2,35.3,33.2,32.3,32.1,30.1,32.0,31.7,33.4,32.8,33.2,31.8,32.7,33.2,33.1,32.6,31.5,32.7,34.2,34.8,36.0,37.1,39.3,37.7,38.8,39.0,39.6,39.9,43.4,42.5,42.5,40.1,38.9,39.6,40.6,40.5,42.1,43.0,42.6,41.7,43.6,45.4,44.9,45.1,45.7,47.3,46.4,44.8,43.6,45.7,45.2,47.1,45.7,44.5,41.2,41.6,43.6,46.5,47.0,47.3,48.2,47.5,47.2,45.8,47.8,50.4,51.2,50.5,49.3,49.3,50.2,51.6,52.5,53.0,52.2,53.6,50.7,50.2,49.9,46.6,45.0,45.3,44.4,46.0,47.6,48.7,51.6,52.8,54.2,51.6,51.3,54.9,58.2,61.8,66.0,67.6,69.8,69.6,70.4,69.2,72.0,74.0,79.6,83.6,67.3,72.5,70.1,71.0,71.3,77.9,80.4,84.3,85.1,83.4,83.9,87.3,90.9,94.7,99.0,101.7,105.7,117.1,121.2,120.1,124.8,122.9,113.8,107.0,108.8,109.9,99.4,103.5,110.8,118.5,113.3,107.1,114.2,118.9,121.5,125.3,128.3,135.7,128.9,131.8,132.4,130.1,127.3,123.7,133.3,141.6
Tourmaline Oil Corp. (TSX:TOU),TOU,0.0,0.0,0.0,0.0,0.0,0.0,0.0,0.0,0.0,0.0,0.0,0.0,0.0,0.0,0.0,0.0,0.0,0.0,0.0,0.0,0.0,0.0,0.0,0.0,0.0,0.0,0.0,0.0,0.0,0.0,0.0,0.0,0.0,0.0,0.0,0.0,0.0,0.0,0.0,0.0,0.0,0.0,0.0,0.0,0.0,0.0,0.0,0.0,0.0,0.0,0.0,0.0,0.0,0.0,0.0,0.0,0.0,0.0,0.0,0.0,0.0,0.0,0.0,0.0,0.0,0.0,0.0,0.0,0.0,0.0,0.0,0.0,0.0,0.0,0.0,0.0,0.0,0.0,0.0,0.0,0.0,0.0,0.0,0.0,0.0,0.0,0.0,0.0,0.0,0.0,0.0,0.0,0.0,0.0,0.0,0.0,0.0,0.0,0.0,0.0,0.0,0.0,0.0,0.0,0.0,0.0,0.0,0.0,0.0,0.0,0.0,0.0,0.0,0.0,0.0,0.0,0.0,0.0,0.0,0.0,0.0,0.0,0.0,0.0,0.0,0.0,0.0,0.0,0.0,0.0,20.2,20.3,22.3,24.3,25.5,26.8,27.9,30.2,34.1,34.2,32.7,31.9,31.6,28.1,25.1,24.6,24.2,22.0,23.4,24.0,26.0,28.5,29.4,31.5,32.8,32.3,31.8,34.2,36.5,38.1,39.0,40.0,40.5,39.0,39.8,39.3,38.8,40.8,42.6,43.9,44.9,48.1,50.3,51.3,51.2,48.2,47.6,41.7,36.7,34.5,31.9,31.0,30.9,32.3,33.1,31.6,28.6,24.5,23.7,23.8,20.6,17.7,16.6,18.5,20.4,21.3,23.0,24.5,25.5,26.3,27.4,27.3,26.5,27.1,25.1,23.4,22.2,21.4,20.4,20.3,20.9,20.5,20.1,19.4,18.7,17.7,17.2,15.8,15.5,17.5,18.8,18.5,18.1,17.8,16.3,16.3,14.8,13.5,13.2,14.4,15.6,15.9,14.7,12.8,12.7,11.0,10.2,9.35,9.32,10.2,11.4,9.87,7.38,7.19,9.62,9.53,9.24,11.6,12.6,12.9,13.8,13.7,14.7,16.9,18.9,19.3,22.3,25.5,27.2,26.1,29.4,34.8,36.0,33.1,33.9,36.6,40.0,47.6,55.5,56.7,53.0,59.5,57.4,55.4,59.0,54.3,48.6,44.9,41.5,43.8,43.4,45.2,49.7,50.9,51.2,51.2,49.9,46.0
"Waste Connections, Inc. (NYSE:WCN)",WCN,0.0,0.0,0.0,0.0,0.0,0.0,0.0,0.0,0.0,0.0,0.0,0.0,0.0,0.0,0.0,0.0,0.0,0.0,0.0,0.0,0.0,0.0,0.0,0.0,0.0,0.0,0.0,0.0,0.0,0.0,0.0,0.0,0.0,0.0,0.0,0.0,0.0,0.0,0.0,0.0,0.0,0.0,0.0,0.0,0.0,0.0,0.0,0.0,0.0,0.0,0.0,0.0,0.0,0.0,0.0,0.0,0.0,0.0,0.0,0.0,0.0,0.0,0.0,0.0,0.0,0.0,0.0,0.0,0.0,0.0,0.0,0.0,0.0,0.0,0.0,0.0,0.0,0.0,0.0,0.0,0.0,0.0,0.0,0.0,0.0,0.0,0.0,0.0,0.0,0.0,0.0,0.0,0.0,0.0,0.0,0.0,0.0,0.0,0.0,0.0,0.0,0.0,0.0,0.0,0.0,0.0,0.0,0.0,0.0,0.0,0.0,0.0,0.0,0.0,0.0,0.0,0.0,0.0,0.0,0.0,0.0,0.0,0.0,0.0,0.0,0.0,0.0,0.0,0.0,0.0,0.0,0.0,0.0,0.0,0.0,0.0,0.0,0.0,0.0,0.0,0.0,0.0,0.0,0.0,0.0,0.0,0.0,0.0,0.0,0.0,0.0,0.0,0.0,0.0,0.0,0.0,0.0,0.0,0.0,0.0,0.0,0.0,0.0,0.0,0.0,0.0,0.0,0.0,0.0,0.0,0.0,0.0,0.0,0.0,0.0,0.0,0.0,0.0,0.0,0.0,0.0,0.0,0.0,0.0,0.0,0.0,0.0,0.0,0.0,0.0,0.0,0.0,0.0,0.0,0.0,0.0,0.0,47.6,48.4,50.8,51.0,49.4,50.2,51.5,52.9,54.4,57.7,58.9,61.1,64.1,64.8,64.7,67.6,70.1,69.9,69.6,71.1,70.5,71.9,72.6,74.4,76.3,76.4,78.4,79.5,77.3,75.9,76.1,76.5,82.5,84.8,88.0,92.2,94.2,95.6,92.0,90.8,91.7,90.7,90.2,93.7,99.6,92.0,81.6,89.3,92.5,95.7,100.7,100.9,102.7,104.1,103.1,102.0,99.7,101.7,111.9,120.0,120.6,121.7,125.9,129.1,129.5,134.8,134.0,128.9,122.5,130.2,139.1,126.4,123.1,125.9,139.8,142.6,132.2,138.0,138.0,130.5,134.2,133.8,140.9,140.5,137.2,141.4,139.7,138.9,135.6,132.5,142.5
Wheaton Precious Metals Corp. (TSX:WPM),WPM,0.0,0.0,0.0,0.0,0.0,0.0,0.0,0.0,0.0,0.0,0.0,0.0,0.0,0.0,0.0,0.0,0.0,0.0,0.0,0.0,0.0,0.0,0.0,0.0,0.0,0.0,0.0,0.0,0.0,0.0,0.0,0.0,0.0,0.0,0.0,0.0,0.0,0.0,0.0,0.0,0.0,0.0,0.0,0.0,0.0,0.0,0.0,0.0,0.0,0.0,0.0,0.0,0.0,0.0,0.0,0.0,0.0,3.33,3.53,3.19,2.84,2.83,3.33,2.99,2.77,3.0,3.17,3.4,3.82,4.37,4.76,5.26,5.76,7.06,8.98,10.6,10.1,8.19,8.86,9.73,9.86,9.35,10.9,10.9,10.0,10.5,9.79,10.4,11.3,11.4,12.9,12.8,12.2,14.2,15.7,15.4,16.3,15.9,17.1,16.0,14.4,14.1,14.2,12.2,9.98,6.53,3.42,4.0,6.1,6.7,7.07,7.97,8.6,9.51,8.42,9.52,11.3,13.2,14.6,15.8,15.7,15.1,15.4,16.8,18.9,19.5,19.3,19.8,23.8,26.7,31.6,37.0,34.5,34.4,41.4,42.9,37.8,33.6,35.7,37.7,38.0,32.6,33.4,31.3,30.7,35.7,35.5,31.5,27.5,26.9,26.8,29.8,36.3,39.2,38.3,36.2,35.7,35.0,31.6,27.5,23.4,22.2,20.7,24.3,25.9,24.0,22.2,20.5,21.2,23.5,25.2,22.9,21.8,22.3,26.0,26.0,23.3,20.1,19.6,20.7,21.7,22.6,20.2,19.6,19.7,18.7,15.6,13.0,12.1,13.4,13.2,12.8,11.8,13.4,16.5,17.7,18.9,20.2,24.5,28.2,27.6,25.1,21.6,18.5,19.8,21.6,20.2,20.9,20.5,20.2,19.7,19.6,19.8,19.8,20.8,21.3,21.9,20.6,19.7,20.7,21.4,21.9,21.8,19.9,16.9,17.1,16.3,17.0,19.3,20.8,22.6,23.2,20.9,22.5,24.9,27.3,28.1,26.9,27.1,27.7,28.6,29.9,29.1,31.6,41.6,41.5,46.4,52.5,51.7,48.9,45.0,41.2,41.8,39.9,38.0,40.6,44.4,46.6,44.3,44.1,42.9,39.8,42.2,41.8,40.6,41.4,46.2,48.4,42.1,39.9,34.1,33.1,31.5,32.6,36.1,39.4,44.1,43.0,43.6,49.7,49.0,44.3,43.8,43.0,42.7,41.8,45.2,48.6
WSP Global Inc. (TSX:WSP),WSP,0.0,0.0,0.0,0.0,0.0,0.0,0.0,0.0,0.0,0.0,0.0,0.0,0.0,0.0,0.0,0.0,0.0,0.0,0.0,0.0,0.0,0.0,0.0,0.0,0.0,0.0,0.0,0.0,0.0,0.0,0.0,0.0,0.0,0.0,0.0,0.0,0.0,0.0,0.0,0.0,0.0,0.0,0.0,0.0,0.0,0.0,0.0,0.0,0.0,0.0,0.0,0.0,0.0,0.0,0.0,0.0,0.0,0.0,0.0,0.0,0.0,0.0,0.0,0.0,0.0,0.0,0.0,0.0,0.0,0.0,0.0,0.0,0.0,0.0,0.0,0.0,10.0,9.79,9.84,10.6,11.2,10.9,9.9,10.7,11.9,13.0,13.1,13.5,14.8,15.7,17.3,19.4,20.1,22.4,26.7,27.0,25.0,24.4,26.4,25.9,26.4,26.5,24.1,23.9,23.6,18.1,15.8,17.1,19.3,18.8,17.2,18.3,20.6,22.5,21.5,22.4,23.7,24.5,24.8,25.4,25.8,25.3,26.8,28.0,26.6,25.1,24.9,25.5,26.5,27.3,27.4,28.5,31.1,32.9,32.9,31.7,31.1,28.6,27.6,25.8,24.7,22.7,23.2,24.7,26.3,27.0,27.2,26.4,25.3,23.0,21.9,21.8,23.0,22.7,21.1,20.3,20.7,22.2,23.1,23.5,23.8,23.8,23.4,23.7,24.5,26.8,29.0,29.5,29.5,30.7,31.7,33.1,34.6,35.2,34.5,33.2,32.6,30.9,30.8,30.5,28.5,29.1,30.8,34.3,35.8,33.9,32.3,33.9,32.9,35.0,34.8,32.9,29.0,27.4,28.4,30.3,32.1,31.9,30.4,32.1,32.7,31.7,33.3,35.1,34.0,34.9,35.1,35.8,36.4,38.6,40.7,40.0,41.6,42.3,45.0,46.1,48.0,47.7,45.9,47.0,50.4,54.0,52.9,54.3,54.1,52.5,49.7,46.5,45.5,50.9,53.4,54.2,53.5,53.4,55.5,54.9,55.7,59.4,64.0,66.2,70.2,71.4,59.3,57.3,63.6,63.1,61.6,64.9,66.5,65.7,68.5,84.4,94.9,92.6,93.8,99.2,106.8,113.5,116.6,122.2,127.2,129.0,140.2,141.0,137.8,128.8,127.4,128.0,108.0,111.2,113.3,121.9,118.3,113.6,121.3,117.8,124.8,127.6,125.9,130.2,130.1,129.9,133.1,136.7,141.4,137.1,136.5,138.4
